id,titulo,producto,ocasion,coleccion,tipo_archivo,imagen,texto_whatsapp
nav-1-1,nav (1),Mugs y tazas,Navidad,Tres tazas Navidad,Diseño,/assets/store/nav-1-1.jpg,"Hola, Creaciones DM. Quiero cotizar este diseño del catálogo: nav (1). Tipo: Mugs y tazas. Ocasión: Navidad."
nav-10-2,nav (10),Mugs y tazas,Navidad,Tres tazas Navidad,Diseño,/assets/store/nav-10-2.jpg,"Hola, Creaciones DM. Quiero cotizar este diseño del catálogo: nav (10). Tipo: Mugs y tazas. Ocasión: Navidad."
nav-11-3,nav (11),Mugs y tazas,Navidad,Tres tazas Navidad,Diseño,/assets/store/nav-11-3.jpg,"Hola, Creaciones DM. Quiero cotizar este diseño del catálogo: nav (11). Tipo: Mugs y tazas. Ocasión: Navidad."
nav-12-4,nav (12),Mugs y tazas,Navidad,Tres tazas Navidad,Diseño,/assets/store/nav-12-4.jpg,"Hola, Creaciones DM. Quiero cotizar este diseño del catálogo: nav (12). Tipo: Mugs y tazas. Ocasión: Navidad."
nav-13-5,nav (13),Mugs y tazas,Navidad,Tres tazas Navidad,Diseño,/assets/store/nav-13-5.jpg,"Hola, Creaciones DM. Quiero cotizar este diseño del catálogo: nav (13). Tipo: Mugs y tazas. Ocasión: Navidad."
nav-14-6,nav (14),Mugs y tazas,Navidad,Tres tazas Navidad,Diseño,/assets/store/nav-14-6.jpg,"Hola, Creaciones DM. Quiero cotizar este diseño del catálogo: nav (14). Tipo: Mugs y tazas. Ocasión: Navidad."
nav-15-7,nav (15),Mugs y tazas,Navidad,Tres tazas Navidad,Diseño,/assets/store/nav-15-7.jpg,"Hola, Creaciones DM. Quiero cotizar este diseño del catálogo: nav (15). Tipo: Mugs y tazas. Ocasión: Navidad."
nav-16-8,nav (16),Mugs y tazas,Navidad,Tres tazas Navidad,Diseño,/assets/store/nav-16-8.jpg,"Hola, Creaciones DM. Quiero cotizar este diseño del catálogo: nav (16). Tipo: Mugs y tazas. Ocasión: Navidad."
nav-17-9,nav (17),Mugs y tazas,Navidad,Tres tazas Navidad,Diseño,/assets/store/nav-17-9.jpg,"Hola, Creaciones DM. Quiero cotizar este diseño del catálogo: nav (17). Tipo: Mugs y tazas. Ocasión: Navidad."
nav-18-10,nav (18),Mugs y tazas,Navidad,Tres tazas Navidad,Diseño,/assets/store/nav-18-10.jpg,"Hola, Creaciones DM. Quiero cotizar este diseño del catálogo: nav (18). Tipo: Mugs y tazas. Ocasión: Navidad."
nav-19-11,nav (19),Mugs y tazas,Navidad,Tres tazas Navidad,Diseño,/assets/store/nav-19-11.jpg,"Hola, Creaciones DM. Quiero cotizar este diseño del catálogo: nav (19). Tipo: Mugs y tazas. Ocasión: Navidad."
nav-2-12,nav (2),Mugs y tazas,Navidad,Tres tazas Navidad,Diseño,/assets/store/nav-2-12.jpg,"Hola, Creaciones DM. Quiero cotizar este diseño del catálogo: nav (2). Tipo: Mugs y tazas. Ocasión: Navidad."
nav-20-13,nav (20),Mugs y tazas,Navidad,Tres tazas Navidad,Diseño,/assets/store/nav-20-13.jpg,"Hola, Creaciones DM. Quiero cotizar este diseño del catálogo: nav (20). Tipo: Mugs y tazas. Ocasión: Navidad."
nav-21-14,nav (21),Mugs y tazas,Navidad,Tres tazas Navidad,Diseño,/assets/store/nav-21-14.jpg,"Hola, Creaciones DM. Quiero cotizar este diseño del catálogo: nav (21). Tipo: Mugs y tazas. Ocasión: Navidad."
nav-22-15,nav (22),Mugs y tazas,Navidad,Tres tazas Navidad,Diseño,/assets/store/nav-22-15.jpg,"Hola, Creaciones DM. Quiero cotizar este diseño del catálogo: nav (22). Tipo: Mugs y tazas. Ocasión: Navidad."
nav-23-16,nav (23),Mugs y tazas,Navidad,Tres tazas Navidad,Diseño,/assets/store/nav-23-16.jpg,"Hola, Creaciones DM. Quiero cotizar este diseño del catálogo: nav (23). Tipo: Mugs y tazas. Ocasión: Navidad."
nav-24-17,nav (24),Mugs y tazas,Navidad,Tres tazas Navidad,Diseño,/assets/store/nav-24-17.jpg,"Hola, Creaciones DM. Quiero cotizar este diseño del catálogo: nav (24). Tipo: Mugs y tazas. Ocasión: Navidad."
nav-25-18,nav (25),Mugs y tazas,Navidad,Tres tazas Navidad,Diseño,/assets/store/nav-25-18.jpg,"Hola, Creaciones DM. Quiero cotizar este diseño del catálogo: nav (25). Tipo: Mugs y tazas. Ocasión: Navidad."
nav-26-19,nav (26),Mugs y tazas,Navidad,Tres tazas Navidad,Diseño,/assets/store/nav-26-19.jpg,"Hola, Creaciones DM. Quiero cotizar este diseño del catálogo: nav (26). Tipo: Mugs y tazas. Ocasión: Navidad."
nav-27-20,nav (27),Mugs y tazas,Navidad,Tres tazas Navidad,Diseño,/assets/store/nav-27-20.jpg,"Hola, Creaciones DM. Quiero cotizar este diseño del catálogo: nav (27). Tipo: Mugs y tazas. Ocasión: Navidad."
nav-28-21,nav (28),Mugs y tazas,Navidad,Tres tazas Navidad,Diseño,/assets/store/nav-28-21.jpg,"Hola, Creaciones DM. Quiero cotizar este diseño del catálogo: nav (28). Tipo: Mugs y tazas. Ocasión: Navidad."
nav-29-22,nav (29),Mugs y tazas,Navidad,Tres tazas Navidad,Diseño,/assets/store/nav-29-22.jpg,"Hola, Creaciones DM. Quiero cotizar este diseño del catálogo: nav (29). Tipo: Mugs y tazas. Ocasión: Navidad."
nav-3-23,nav (3),Mugs y tazas,Navidad,Tres tazas Navidad,Diseño,/assets/store/nav-3-23.jpg,"Hola, Creaciones DM. Quiero cotizar este diseño del catálogo: nav (3). Tipo: Mugs y tazas. Ocasión: Navidad."
nav-30-24,nav (30),Mugs y tazas,Navidad,Tres tazas Navidad,Diseño,/assets/store/nav-30-24.jpg,"Hola, Creaciones DM. Quiero cotizar este diseño del catálogo: nav (30). Tipo: Mugs y tazas. Ocasión: Navidad."
nav-31-25,nav (31),Mugs y tazas,Navidad,Tres tazas Navidad,Diseño,/assets/store/nav-31-25.jpg,"Hola, Creaciones DM. Quiero cotizar este diseño del catálogo: nav (31). Tipo: Mugs y tazas. Ocasión: Navidad."
nav-32-26,nav (32),Mugs y tazas,Navidad,Tres tazas Navidad,Diseño,/assets/store/nav-32-26.jpg,"Hola, Creaciones DM. Quiero cotizar este diseño del catálogo: nav (32). Tipo: Mugs y tazas. Ocasión: Navidad."
nav-33-27,nav (33),Mugs y tazas,Navidad,Tres tazas Navidad,Diseño,/assets/store/nav-33-27.jpg,"Hola, Creaciones DM. Quiero cotizar este diseño del catálogo: nav (33). Tipo: Mugs y tazas. Ocasión: Navidad."
nav-34-28,nav (34),Mugs y tazas,Navidad,Tres tazas Navidad,Diseño,/assets/store/nav-34-28.jpg,"Hola, Creaciones DM. Quiero cotizar este diseño del catálogo: nav (34). Tipo: Mugs y tazas. Ocasión: Navidad."
nav-35-29,nav (35),Mugs y tazas,Navidad,Tres tazas Navidad,Diseño,/assets/store/nav-35-29.jpg,"Hola, Creaciones DM. Quiero cotizar este diseño del catálogo: nav (35). Tipo: Mugs y tazas. Ocasión: Navidad."
nav-36-30,nav (36),Mugs y tazas,Navidad,Tres tazas Navidad,Diseño,/assets/store/nav-36-30.jpg,"Hola, Creaciones DM. Quiero cotizar este diseño del catálogo: nav (36). Tipo: Mugs y tazas. Ocasión: Navidad."
nav-37-31,nav (37),Mugs y tazas,Navidad,Tres tazas Navidad,Diseño,/assets/store/nav-37-31.jpg,"Hola, Creaciones DM. Quiero cotizar este diseño del catálogo: nav (37). Tipo: Mugs y tazas. Ocasión: Navidad."
nav-38-32,nav (38),Mugs y tazas,Navidad,Tres tazas Navidad,Diseño,/assets/store/nav-38-32.jpg,"Hola, Creaciones DM. Quiero cotizar este diseño del catálogo: nav (38). Tipo: Mugs y tazas. Ocasión: Navidad."
nav-39-33,nav (39),Mugs y tazas,Navidad,Tres tazas Navidad,Diseño,/assets/store/nav-39-33.jpg,"Hola, Creaciones DM. Quiero cotizar este diseño del catálogo: nav (39). Tipo: Mugs y tazas. Ocasión: Navidad."
nav-4-34,nav (4),Mugs y tazas,Navidad,Tres tazas Navidad,Diseño,/assets/store/nav-4-34.jpg,"Hola, Creaciones DM. Quiero cotizar este diseño del catálogo: nav (4). Tipo: Mugs y tazas. Ocasión: Navidad."
nav-40-35,nav (40),Mugs y tazas,Navidad,Tres tazas Navidad,Diseño,/assets/store/nav-40-35.jpg,"Hola, Creaciones DM. Quiero cotizar este diseño del catálogo: nav (40). Tipo: Mugs y tazas. Ocasión: Navidad."
nav-41-36,nav (41),Mugs y tazas,Navidad,Tres tazas Navidad,Diseño,/assets/store/nav-41-36.jpg,"Hola, Creaciones DM. Quiero cotizar este diseño del catálogo: nav (41). Tipo: Mugs y tazas. Ocasión: Navidad."
nav-42-37,nav (42),Mugs y tazas,Navidad,Tres tazas Navidad,Diseño,/assets/store/nav-42-37.jpg,"Hola, Creaciones DM. Quiero cotizar este diseño del catálogo: nav (42). Tipo: Mugs y tazas. Ocasión: Navidad."
nav-43-38,nav (43),Mugs y tazas,Navidad,Tres tazas Navidad,Diseño,/assets/store/nav-43-38.jpg,"Hola, Creaciones DM. Quiero cotizar este diseño del catálogo: nav (43). Tipo: Mugs y tazas. Ocasión: Navidad."
nav-44-39,nav (44),Mugs y tazas,Navidad,Tres tazas Navidad,Diseño,/assets/store/nav-44-39.jpg,"Hola, Creaciones DM. Quiero cotizar este diseño del catálogo: nav (44). Tipo: Mugs y tazas. Ocasión: Navidad."
nav-45-40,nav (45),Mugs y tazas,Navidad,Tres tazas Navidad,Diseño,/assets/store/nav-45-40.jpg,"Hola, Creaciones DM. Quiero cotizar este diseño del catálogo: nav (45). Tipo: Mugs y tazas. Ocasión: Navidad."
nav-46-41,nav (46),Mugs y tazas,Navidad,Tres tazas Navidad,Diseño,/assets/store/nav-46-41.jpg,"Hola, Creaciones DM. Quiero cotizar este diseño del catálogo: nav (46). Tipo: Mugs y tazas. Ocasión: Navidad."
nav-47-42,nav (47),Mugs y tazas,Navidad,Tres tazas Navidad,Diseño,/assets/store/nav-47-42.jpg,"Hola, Creaciones DM. Quiero cotizar este diseño del catálogo: nav (47). Tipo: Mugs y tazas. Ocasión: Navidad."
nav-5-43,nav (5),Mugs y tazas,Navidad,Tres tazas Navidad,Diseño,/assets/store/nav-5-43.jpg,"Hola, Creaciones DM. Quiero cotizar este diseño del catálogo: nav (5). Tipo: Mugs y tazas. Ocasión: Navidad."
nav-6-44,nav (6),Mugs y tazas,Navidad,Tres tazas Navidad,Diseño,/assets/store/nav-6-44.jpg,"Hola, Creaciones DM. Quiero cotizar este diseño del catálogo: nav (6). Tipo: Mugs y tazas. Ocasión: Navidad."
nav-7-45,nav (7),Mugs y tazas,Navidad,Tres tazas Navidad,Diseño,/assets/store/nav-7-45.jpg,"Hola, Creaciones DM. Quiero cotizar este diseño del catálogo: nav (7). Tipo: Mugs y tazas. Ocasión: Navidad."
nav-8-46,nav (8),Mugs y tazas,Navidad,Tres tazas Navidad,Diseño,/assets/store/nav-8-46.jpg,"Hola, Creaciones DM. Quiero cotizar este diseño del catálogo: nav (8). Tipo: Mugs y tazas. Ocasión: Navidad."
nav-9-47,nav (9),Mugs y tazas,Navidad,Tres tazas Navidad,Diseño,/assets/store/nav-9-47.jpg,"Hola, Creaciones DM. Quiero cotizar este diseño del catálogo: nav (9). Tipo: Mugs y tazas. Ocasión: Navidad."
abuelos-1-48,Abuelos 1,Mugs y tazas,Familia,Colección abuelos,Diseño,/assets/store/abuelos-1-48.jpg,"Hola, Creaciones DM. Quiero cotizar este diseño del catálogo: Abuelos 1. Tipo: Mugs y tazas. Ocasión: Familia."
abuelos-10-49,Abuelos 10,Mugs y tazas,Familia,Colección abuelos,Diseño,/assets/store/abuelos-10-49.jpg,"Hola, Creaciones DM. Quiero cotizar este diseño del catálogo: Abuelos 10. Tipo: Mugs y tazas. Ocasión: Familia."
abuelos-2-50,Abuelos 2,Mugs y tazas,Familia,Colección abuelos,Diseño,/assets/store/abuelos-2-50.jpg,"Hola, Creaciones DM. Quiero cotizar este diseño del catálogo: Abuelos 2. Tipo: Mugs y tazas. Ocasión: Familia."
abuelos-3-51,Abuelos 3,Mugs y tazas,Familia,Colección abuelos,Diseño,/assets/store/abuelos-3-51.jpg,"Hola, Creaciones DM. Quiero cotizar este diseño del catálogo: Abuelos 3. Tipo: Mugs y tazas. Ocasión: Familia."
abuelos-4-52,Abuelos 4,Mugs y tazas,Familia,Colección abuelos,Diseño,/assets/store/abuelos-4-52.jpg,"Hola, Creaciones DM. Quiero cotizar este diseño del catálogo: Abuelos 4. Tipo: Mugs y tazas. Ocasión: Familia."
abuelos-5-53,Abuelos 5,Mugs y tazas,Familia,Colección abuelos,Diseño,/assets/store/abuelos-5-53.jpg,"Hola, Creaciones DM. Quiero cotizar este diseño del catálogo: Abuelos 5. Tipo: Mugs y tazas. Ocasión: Familia."
abuelos-6-54,Abuelos 6,Mugs y tazas,Familia,Colección abuelos,Diseño,/assets/store/abuelos-6-54.jpg,"Hola, Creaciones DM. Quiero cotizar este diseño del catálogo: Abuelos 6. Tipo: Mugs y tazas. Ocasión: Familia."
abuelos-7-55,Abuelos 7,Mugs y tazas,Familia,Colección abuelos,Diseño,/assets/store/abuelos-7-55.jpg,"Hola, Creaciones DM. Quiero cotizar este diseño del catálogo: Abuelos 7. Tipo: Mugs y tazas. Ocasión: Familia."
abuelos-8-56,Abuelos 8,Mugs y tazas,Familia,Colección abuelos,Diseño,/assets/store/abuelos-8-56.jpg,"Hola, Creaciones DM. Quiero cotizar este diseño del catálogo: Abuelos 8. Tipo: Mugs y tazas. Ocasión: Familia."
abuelos-9-57,Abuelos 9,Mugs y tazas,Familia,Colección abuelos,Diseño,/assets/store/abuelos-9-57.jpg,"Hola, Creaciones DM. Quiero cotizar este diseño del catálogo: Abuelos 9. Tipo: Mugs y tazas. Ocasión: Familia."
abuelos-1-58,Abuelos 1,Mugs y tazas,Familia,Colección abuelos,Diseño,/assets/store/abuelos-1-58.jpg,"Hola, Creaciones DM. Quiero cotizar este diseño del catálogo: Abuelos 1. Tipo: Mugs y tazas. Ocasión: Familia."
abuelos-10-59,Abuelos 10,Mugs y tazas,Familia,Colección abuelos,Mockup,/assets/store/abuelos-10-59.jpg,"Hola, Creaciones DM. Quiero cotizar este diseño del catálogo: Abuelos 10. Tipo: Mugs y tazas. Ocasión: Familia."
abuelos-10-60,Abuelos 10,Mugs y tazas,Familia,Colección abuelos,Diseño,/assets/store/abuelos-10-60.jpg,"Hola, Creaciones DM. Quiero cotizar este diseño del catálogo: Abuelos 10. Tipo: Mugs y tazas. Ocasión: Familia."
abuelos-2-61,Abuelos 2,Mugs y tazas,Familia,Colección abuelos,Diseño,/assets/store/abuelos-2-61.jpg,"Hola, Creaciones DM. Quiero cotizar este diseño del catálogo: Abuelos 2. Tipo: Mugs y tazas. Ocasión: Familia."
abuelos-3-62,Abuelos 3,Mugs y tazas,Familia,Colección abuelos,Diseño,/assets/store/abuelos-3-62.jpg,"Hola, Creaciones DM. Quiero cotizar este diseño del catálogo: Abuelos 3. Tipo: Mugs y tazas. Ocasión: Familia."
abuelos-4-63,Abuelos 4,Mugs y tazas,Familia,Colección abuelos,Diseño,/assets/store/abuelos-4-63.jpg,"Hola, Creaciones DM. Quiero cotizar este diseño del catálogo: Abuelos 4. Tipo: Mugs y tazas. Ocasión: Familia."
abuelos-5-64,Abuelos 5,Mugs y tazas,Familia,Colección abuelos,Diseño,/assets/store/abuelos-5-64.jpg,"Hola, Creaciones DM. Quiero cotizar este diseño del catálogo: Abuelos 5. Tipo: Mugs y tazas. Ocasión: Familia."
abuelos-6-65,Abuelos 6,Mugs y tazas,Familia,Colección abuelos,Diseño,/assets/store/abuelos-6-65.jpg,"Hola, Creaciones DM. Quiero cotizar este diseño del catálogo: Abuelos 6. Tipo: Mugs y tazas. Ocasión: Familia."
abuelos-7-66,Abuelos 7,Mugs y tazas,Familia,Colección abuelos,Mockup,/assets/store/abuelos-7-66.jpg,"Hola, Creaciones DM. Quiero cotizar este diseño del catálogo: Abuelos 7. Tipo: Mugs y tazas. Ocasión: Familia."
abuelos-7-67,Abuelos 7,Mugs y tazas,Familia,Colección abuelos,Diseño,/assets/store/abuelos-7-67.jpg,"Hola, Creaciones DM. Quiero cotizar este diseño del catálogo: Abuelos 7. Tipo: Mugs y tazas. Ocasión: Familia."
abuelos-8-68,Abuelos 8,Mugs y tazas,Familia,Colección abuelos,Diseño,/assets/store/abuelos-8-68.jpg,"Hola, Creaciones DM. Quiero cotizar este diseño del catálogo: Abuelos 8. Tipo: Mugs y tazas. Ocasión: Familia."
abuelos-9-69,Abuelos 9,Mugs y tazas,Familia,Colección abuelos,Diseño,/assets/store/abuelos-9-69.jpg,"Hola, Creaciones DM. Quiero cotizar este diseño del catálogo: Abuelos 9. Tipo: Mugs y tazas. Ocasión: Familia."
abuelos-1-70,Abuelos 1,Mugs y tazas,Familia,Colección abuelos,Diseño,/assets/store/abuelos-1-70.jpg,"Hola, Creaciones DM. Quiero cotizar este diseño del catálogo: Abuelos 1. Tipo: Mugs y tazas. Ocasión: Familia."
abuelos-10-71,Abuelos 10,Mugs y tazas,Familia,Colección abuelos,Diseño,/assets/store/abuelos-10-71.jpg,"Hola, Creaciones DM. Quiero cotizar este diseño del catálogo: Abuelos 10. Tipo: Mugs y tazas. Ocasión: Familia."
abuelos-2-72,Abuelos 2,Mugs y tazas,Familia,Colección abuelos,Diseño,/assets/store/abuelos-2-72.jpg,"Hola, Creaciones DM. Quiero cotizar este diseño del catálogo: Abuelos 2. Tipo: Mugs y tazas. Ocasión: Familia."
abuelos-3-73,Abuelos 3,Mugs y tazas,Familia,Colección abuelos,Diseño,/assets/store/abuelos-3-73.jpg,"Hola, Creaciones DM. Quiero cotizar este diseño del catálogo: Abuelos 3. Tipo: Mugs y tazas. Ocasión: Familia."
abuelos-4-74,Abuelos 4,Mugs y tazas,Familia,Colección abuelos,Diseño,/assets/store/abuelos-4-74.jpg,"Hola, Creaciones DM. Quiero cotizar este diseño del catálogo: Abuelos 4. Tipo: Mugs y tazas. Ocasión: Familia."
abuelos-5-75,Abuelos 5,Mugs y tazas,Familia,Colección abuelos,Diseño,/assets/store/abuelos-5-75.jpg,"Hola, Creaciones DM. Quiero cotizar este diseño del catálogo: Abuelos 5. Tipo: Mugs y tazas. Ocasión: Familia."
abuelos-6-76,Abuelos 6,Mugs y tazas,Familia,Colección abuelos,Diseño,/assets/store/abuelos-6-76.jpg,"Hola, Creaciones DM. Quiero cotizar este diseño del catálogo: Abuelos 6. Tipo: Mugs y tazas. Ocasión: Familia."
abuelos-7-77,Abuelos 7,Mugs y tazas,Familia,Colección abuelos,Diseño,/assets/store/abuelos-7-77.jpg,"Hola, Creaciones DM. Quiero cotizar este diseño del catálogo: Abuelos 7. Tipo: Mugs y tazas. Ocasión: Familia."
abuelos-8-78,Abuelos 8,Mugs y tazas,Familia,Colección abuelos,Diseño,/assets/store/abuelos-8-78.jpg,"Hola, Creaciones DM. Quiero cotizar este diseño del catálogo: Abuelos 8. Tipo: Mugs y tazas. Ocasión: Familia."
abuelos-9-79,Abuelos 9,Mugs y tazas,Familia,Colección abuelos,Diseño,/assets/store/abuelos-9-79.jpg,"Hola, Creaciones DM. Quiero cotizar este diseño del catálogo: Abuelos 9. Tipo: Mugs y tazas. Ocasión: Familia."
profesiones-infante-80,Profesiones INFANTE,Diseños para sublimación,Profesiones,Packs profesiones especiales,Mockup,/assets/store/profesiones-infante-80.jpg,"Hola, Creaciones DM. Quiero cotizar este diseño del catálogo: Profesiones INFANTE. Tipo: Diseños para sublimación. Ocasión: Profesiones."
terapeuta-lenguaje-1-81,Terapeuta Lenguaje 1,Diseños para sublimación,Diseños variados,Packs profesiones especiales,Mockup,/assets/store/terapeuta-lenguaje-1-81.jpg,"Hola, Creaciones DM. Quiero cotizar este diseño del catálogo: Terapeuta Lenguaje 1. Tipo: Diseños para sublimación. Ocasión: Diseños variados."
terapeuta-lenguaje-2-82,Terapeuta Lenguaje 2,Diseños para sublimación,Diseños variados,Packs profesiones especiales,Mockup,/assets/store/terapeuta-lenguaje-2-82.jpg,"Hola, Creaciones DM. Quiero cotizar este diseño del catálogo: Terapeuta Lenguaje 2. Tipo: Diseños para sublimación. Ocasión: Diseños variados."
profesiones-infante-2-83,Profesiones INFANTE 2,Mugs y tazas,Profesiones,Packs profesiones especiales,Diseño,/assets/store/profesiones-infante-2-83.jpg,"Hola, Creaciones DM. Quiero cotizar este diseño del catálogo: Profesiones INFANTE 2. Tipo: Mugs y tazas. Ocasión: Profesiones."
profesiones-infante-84,Profesiones INFANTE,Mugs y tazas,Profesiones,Packs profesiones especiales,Diseño,/assets/store/profesiones-infante-84.jpg,"Hola, Creaciones DM. Quiero cotizar este diseño del catálogo: Profesiones INFANTE. Tipo: Mugs y tazas. Ocasión: Profesiones."
profesiones-terapeuta-lenguaje-2-85,Profesiones Terapeuta lenguaje 2,Mugs y tazas,Profesiones,Packs profesiones especiales,Diseño,/assets/store/profesiones-terapeuta-lenguaje-2-85.jpg,"Hola, Creaciones DM. Quiero cotizar este diseño del catálogo: Profesiones Terapeuta lenguaje 2. Tipo: Mugs y tazas. Ocasión: Profesiones."
profesiones-terapeuta-lenguaje-86,Profesiones Terapeuta lenguaje,Mugs y tazas,Profesiones,Packs profesiones especiales,Diseño,/assets/store/profesiones-terapeuta-lenguaje-86.jpg,"Hola, Creaciones DM. Quiero cotizar este diseño del catálogo: Profesiones Terapeuta lenguaje. Tipo: Mugs y tazas. Ocasión: Profesiones."
aqui-toma-tecnico-en-enfermeria-1-87,Aqui Toma Tecnico en Enfermeria 1,Diseños para sublimación,Profesiones,Packs profesiones especiales,Mockup,/assets/store/aqui-toma-tecnico-en-enfermeria-1-87.jpg,"Hola, Creaciones DM. Quiero cotizar este diseño del catálogo: Aqui Toma Tecnico en Enfermeria 1. Tipo: Diseños para sublimación. Ocasión: Profesiones."
aqui-toma-tecnico-en-enfermeria-2-88,Aqui Toma Tecnico en Enfermeria 2,Diseños para sublimación,Profesiones,Packs profesiones especiales,Mockup,/assets/store/aqui-toma-tecnico-en-enfermeria-2-88.jpg,"Hola, Creaciones DM. Quiero cotizar este diseño del catálogo: Aqui Toma Tecnico en Enfermeria 2. Tipo: Diseños para sublimación. Ocasión: Profesiones."
aqui-toma-tecnico-en-enfermeria-3-89,Aqui Toma Tecnico en Enfermeria 3,Diseños para sublimación,Profesiones,Packs profesiones especiales,Mockup,/assets/store/aqui-toma-tecnico-en-enfermeria-3-89.jpg,"Hola, Creaciones DM. Quiero cotizar este diseño del catálogo: Aqui Toma Tecnico en Enfermeria 3. Tipo: Diseños para sublimación. Ocasión: Profesiones."
aqui-toma-tecnico-en-enfermeria-4-90,Aqui Toma Tecnico en Enfermeria 4,Diseños para sublimación,Profesiones,Packs profesiones especiales,Mockup,/assets/store/aqui-toma-tecnico-en-enfermeria-4-90.jpg,"Hola, Creaciones DM. Quiero cotizar este diseño del catálogo: Aqui Toma Tecnico en Enfermeria 4. Tipo: Diseños para sublimación. Ocasión: Profesiones."
aqui-toma-tecnico-en-enfermeria-1-2-91,Aqui Toma Tecnico en Enfermeria 1 2,Mugs y tazas,Profesiones,Packs profesiones especiales,Diseño,/assets/store/aqui-toma-tecnico-en-enfermeria-1-2-91.jpg,"Hola, Creaciones DM. Quiero cotizar este diseño del catálogo: Aqui Toma Tecnico en Enfermeria 1 2. Tipo: Mugs y tazas. Ocasión: Profesiones."
aqui-toma-tecnico-en-enfermeria-1-92,Aqui Toma Tecnico en Enfermeria 1,Mugs y tazas,Profesiones,Packs profesiones especiales,Diseño,/assets/store/aqui-toma-tecnico-en-enfermeria-1-92.jpg,"Hola, Creaciones DM. Quiero cotizar este diseño del catálogo: Aqui Toma Tecnico en Enfermeria 1. Tipo: Mugs y tazas. Ocasión: Profesiones."
aqui-toma-tecnico-en-enfermeria-2-2-93,Aqui Toma Tecnico en Enfermeria 2 2,Mugs y tazas,Profesiones,Packs profesiones especiales,Diseño,/assets/store/aqui-toma-tecnico-en-enfermeria-2-2-93.jpg,"Hola, Creaciones DM. Quiero cotizar este diseño del catálogo: Aqui Toma Tecnico en Enfermeria 2 2. Tipo: Mugs y tazas. Ocasión: Profesiones."
aqui-toma-tecnico-en-enfermeria-2-94,Aqui Toma Tecnico en Enfermeria 2,Mugs y tazas,Profesiones,Packs profesiones especiales,Diseño,/assets/store/aqui-toma-tecnico-en-enfermeria-2-94.jpg,"Hola, Creaciones DM. Quiero cotizar este diseño del catálogo: Aqui Toma Tecnico en Enfermeria 2. Tipo: Mugs y tazas. Ocasión: Profesiones."
aqui-toma-tecnico-en-enfermeria-3-2-95,Aqui Toma Tecnico en Enfermeria 3 2,Mugs y tazas,Profesiones,Packs profesiones especiales,Diseño,/assets/store/aqui-toma-tecnico-en-enfermeria-3-2-95.jpg,"Hola, Creaciones DM. Quiero cotizar este diseño del catálogo: Aqui Toma Tecnico en Enfermeria 3 2. Tipo: Mugs y tazas. Ocasión: Profesiones."
aqui-toma-tecnico-en-enfermeria-3-96,Aqui Toma Tecnico en Enfermeria 3,Mugs y tazas,Profesiones,Packs profesiones especiales,Diseño,/assets/store/aqui-toma-tecnico-en-enfermeria-3-96.jpg,"Hola, Creaciones DM. Quiero cotizar este diseño del catálogo: Aqui Toma Tecnico en Enfermeria 3. Tipo: Mugs y tazas. Ocasión: Profesiones."
aqui-toma-tecnico-en-enfermeria-4-2-97,Aqui Toma Tecnico en Enfermeria 4 2,Mugs y tazas,Profesiones,Packs profesiones especiales,Diseño,/assets/store/aqui-toma-tecnico-en-enfermeria-4-2-97.jpg,"Hola, Creaciones DM. Quiero cotizar este diseño del catálogo: Aqui Toma Tecnico en Enfermeria 4 2. Tipo: Mugs y tazas. Ocasión: Profesiones."
aqui-toma-tecnico-en-enfermeria-4-98,Aqui Toma Tecnico en Enfermeria 4,Mugs y tazas,Profesiones,Packs profesiones especiales,Diseño,/assets/store/aqui-toma-tecnico-en-enfermeria-4-98.jpg,"Hola, Creaciones DM. Quiero cotizar este diseño del catálogo: Aqui Toma Tecnico en Enfermeria 4. Tipo: Mugs y tazas. Ocasión: Profesiones."
profesiones-asistente-2-99,Profesiones ASISTENTE 2,Mugs y tazas,Profesiones,Packs profesiones especiales,Diseño,/assets/store/profesiones-asistente-2-99.jpg,"Hola, Creaciones DM. Quiero cotizar este diseño del catálogo: Profesiones ASISTENTE 2. Tipo: Mugs y tazas. Ocasión: Profesiones."
profesiones-asistente-100,Profesiones ASISTENTE,Mugs y tazas,Profesiones,Packs profesiones especiales,Diseño,/assets/store/profesiones-asistente-100.jpg,"Hola, Creaciones DM. Quiero cotizar este diseño del catálogo: Profesiones ASISTENTE. Tipo: Mugs y tazas. Ocasión: Profesiones."
profesiones-piloto-2-101,Profesiones PILOTO 2,Mugs y tazas,Profesiones,Packs profesiones especiales,Diseño,/assets/store/profesiones-piloto-2-101.jpg,"Hola, Creaciones DM. Quiero cotizar este diseño del catálogo: Profesiones PILOTO 2. Tipo: Mugs y tazas. Ocasión: Profesiones."
profesiones-piloto-102,Profesiones PILOTO,Mugs y tazas,Profesiones,Packs profesiones especiales,Diseño,/assets/store/profesiones-piloto-102.jpg,"Hola, Creaciones DM. Quiero cotizar este diseño del catálogo: Profesiones PILOTO. Tipo: Mugs y tazas. Ocasión: Profesiones."
emprendedor-103,Emprendedor,Diseños para sublimación,Diseños variados,Packs profesiones especiales,Mockup,/assets/store/emprendedor-103.jpg,"Hola, Creaciones DM. Quiero cotizar este diseño del catálogo: Emprendedor. Tipo: Diseños para sublimación. Ocasión: Diseños variados."
emprendedora-104,Emprendedora,Diseños para sublimación,Diseños variados,Packs profesiones especiales,Mockup,/assets/store/emprendedora-104.jpg,"Hola, Creaciones DM. Quiero cotizar este diseño del catálogo: Emprendedora. Tipo: Diseños para sublimación. Ocasión: Diseños variados."
aqui-toma-emprendedor-1-105,Aqui Toma emprendedor 1,Mugs y tazas,Diseños variados,Packs profesiones especiales,Diseño,/assets/store/aqui-toma-emprendedor-1-105.jpg,"Hola, Creaciones DM. Quiero cotizar este diseño del catálogo: Aqui Toma emprendedor 1. Tipo: Mugs y tazas. Ocasión: Diseños variados."
aqui-toma-emprendedor-1-106,Aqui Toma emprendedor 1,Mugs y tazas,Diseños variados,Packs profesiones especiales,Diseño,/assets/store/aqui-toma-emprendedor-1-106.jpg,"Hola, Creaciones DM. Quiero cotizar este diseño del catálogo: Aqui Toma emprendedor 1. Tipo: Mugs y tazas. Ocasión: Diseños variados."
aqui-toma-emprendedora-2-107,Aqui Toma Emprendedora 2,Mugs y tazas,Diseños variados,Packs profesiones especiales,Diseño,/assets/store/aqui-toma-emprendedora-2-107.jpg,"Hola, Creaciones DM. Quiero cotizar este diseño del catálogo: Aqui Toma Emprendedora 2. Tipo: Mugs y tazas. Ocasión: Diseños variados."
aqui-toma-emprendedora-2-108,Aqui Toma Emprendedora 2,Mugs y tazas,Diseños variados,Packs profesiones especiales,Diseño,/assets/store/aqui-toma-emprendedora-2-108.jpg,"Hola, Creaciones DM. Quiero cotizar este diseño del catálogo: Aqui Toma Emprendedora 2. Tipo: Mugs y tazas. Ocasión: Diseños variados."
aqui-toma-maestra-1-109,AQUI TOMA MAESTRA 1,Diseños para sublimación,Profesiones,Packs profesiones especiales,Mockup,/assets/store/aqui-toma-maestra-1-109.jpg,"Hola, Creaciones DM. Quiero cotizar este diseño del catálogo: AQUI TOMA MAESTRA 1. Tipo: Diseños para sublimación. Ocasión: Profesiones."
aqui-toma-maestra-2-110,AQUI TOMA MAESTRA 2,Diseños para sublimación,Profesiones,Packs profesiones especiales,Mockup,/assets/store/aqui-toma-maestra-2-110.jpg,"Hola, Creaciones DM. Quiero cotizar este diseño del catálogo: AQUI TOMA MAESTRA 2. Tipo: Diseños para sublimación. Ocasión: Profesiones."
aqui-toma-maestra-3-111,AQUI TOMA MAESTRA 3,Diseños para sublimación,Profesiones,Packs profesiones especiales,Mockup,/assets/store/aqui-toma-maestra-3-111.jpg,"Hola, Creaciones DM. Quiero cotizar este diseño del catálogo: AQUI TOMA MAESTRA 3. Tipo: Diseños para sublimación. Ocasión: Profesiones."
aqui-toma-maestra-4-112,AQUI TOMA MAESTRA 4,Diseños para sublimación,Profesiones,Packs profesiones especiales,Mockup,/assets/store/aqui-toma-maestra-4-112.jpg,"Hola, Creaciones DM. Quiero cotizar este diseño del catálogo: AQUI TOMA MAESTRA 4. Tipo: Diseños para sublimación. Ocasión: Profesiones."
aqui-toma-maestra-5-113,AQUI TOMA MAESTRA 5,Diseños para sublimación,Profesiones,Packs profesiones especiales,Mockup,/assets/store/aqui-toma-maestra-5-113.jpg,"Hola, Creaciones DM. Quiero cotizar este diseño del catálogo: AQUI TOMA MAESTRA 5. Tipo: Diseños para sublimación. Ocasión: Profesiones."
aqui-toma-maestro-01-114,AQUI TOMA MAESTRO 01,Diseños para sublimación,Profesiones,Packs profesiones especiales,Mockup,/assets/store/aqui-toma-maestro-01-114.jpg,"Hola, Creaciones DM. Quiero cotizar este diseño del catálogo: AQUI TOMA MAESTRO 01. Tipo: Diseños para sublimación. Ocasión: Profesiones."
aqui-toma-maestro-2-115,AQUI TOMA MAESTRO 2,Diseños para sublimación,Profesiones,Packs profesiones especiales,Mockup,/assets/store/aqui-toma-maestro-2-115.jpg,"Hola, Creaciones DM. Quiero cotizar este diseño del catálogo: AQUI TOMA MAESTRO 2. Tipo: Diseños para sublimación. Ocasión: Profesiones."
aqui-toma-maestro-3-116,AQUI TOMA MAESTRO 3,Diseños para sublimación,Profesiones,Packs profesiones especiales,Mockup,/assets/store/aqui-toma-maestro-3-116.jpg,"Hola, Creaciones DM. Quiero cotizar este diseño del catálogo: AQUI TOMA MAESTRO 3. Tipo: Diseños para sublimación. Ocasión: Profesiones."
aqui-toma-maestro-4-117,AQUI TOMA MAESTRO 4,Diseños para sublimación,Profesiones,Packs profesiones especiales,Mockup,/assets/store/aqui-toma-maestro-4-117.jpg,"Hola, Creaciones DM. Quiero cotizar este diseño del catálogo: AQUI TOMA MAESTRO 4. Tipo: Diseños para sublimación. Ocasión: Profesiones."
aqui-toma-maestro-5-118,AQUI TOMA MAESTRO 5,Diseños para sublimación,Profesiones,Packs profesiones especiales,Mockup,/assets/store/aqui-toma-maestro-5-118.jpg,"Hola, Creaciones DM. Quiero cotizar este diseño del catálogo: AQUI TOMA MAESTRO 5. Tipo: Diseños para sublimación. Ocasión: Profesiones."
el-mejor-maestro-01-2-119,EL MEJOR MAESTRO 01 2,Mugs y tazas,Profesiones,Packs profesiones especiales,Diseño,/assets/store/el-mejor-maestro-01-2-119.jpg,"Hola, Creaciones DM. Quiero cotizar este diseño del catálogo: EL MEJOR MAESTRO 01 2. Tipo: Mugs y tazas. Ocasión: Profesiones."
el-mejor-maestro-01-120,EL MEJOR MAESTRO 01,Mugs y tazas,Profesiones,Packs profesiones especiales,Diseño,/assets/store/el-mejor-maestro-01-120.jpg,"Hola, Creaciones DM. Quiero cotizar este diseño del catálogo: EL MEJOR MAESTRO 01. Tipo: Mugs y tazas. Ocasión: Profesiones."
el-mejor-maestro-02-2-121,EL MEJOR MAESTRO 02 2,Mugs y tazas,Profesiones,Packs profesiones especiales,Diseño,/assets/store/el-mejor-maestro-02-2-121.jpg,"Hola, Creaciones DM. Quiero cotizar este diseño del catálogo: EL MEJOR MAESTRO 02 2. Tipo: Mugs y tazas. Ocasión: Profesiones."
el-mejor-maestro-02-122,EL MEJOR MAESTRO 02,Mugs y tazas,Profesiones,Packs profesiones especiales,Diseño,/assets/store/el-mejor-maestro-02-122.jpg,"Hola, Creaciones DM. Quiero cotizar este diseño del catálogo: EL MEJOR MAESTRO 02. Tipo: Mugs y tazas. Ocasión: Profesiones."
el-mejor-maestro-03-2-123,EL MEJOR MAESTRO 03 2,Mugs y tazas,Profesiones,Packs profesiones especiales,Diseño,/assets/store/el-mejor-maestro-03-2-123.jpg,"Hola, Creaciones DM. Quiero cotizar este diseño del catálogo: EL MEJOR MAESTRO 03 2. Tipo: Mugs y tazas. Ocasión: Profesiones."
el-mejor-maestro-03-124,EL MEJOR MAESTRO 03,Mugs y tazas,Profesiones,Packs profesiones especiales,Diseño,/assets/store/el-mejor-maestro-03-124.jpg,"Hola, Creaciones DM. Quiero cotizar este diseño del catálogo: EL MEJOR MAESTRO 03. Tipo: Mugs y tazas. Ocasión: Profesiones."
el-mejor-maestro-04-2-125,EL MEJOR MAESTRO 04 2,Mugs y tazas,Profesiones,Packs profesiones especiales,Diseño,/assets/store/el-mejor-maestro-04-2-125.jpg,"Hola, Creaciones DM. Quiero cotizar este diseño del catálogo: EL MEJOR MAESTRO 04 2. Tipo: Mugs y tazas. Ocasión: Profesiones."
el-mejor-maestro-04-126,EL MEJOR MAESTRO 04,Mugs y tazas,Profesiones,Packs profesiones especiales,Diseño,/assets/store/el-mejor-maestro-04-126.jpg,"Hola, Creaciones DM. Quiero cotizar este diseño del catálogo: EL MEJOR MAESTRO 04. Tipo: Mugs y tazas. Ocasión: Profesiones."
el-mejor-maestro-05-2-127,EL MEJOR MAESTRO 05 2,Mugs y tazas,Profesiones,Packs profesiones especiales,Diseño,/assets/store/el-mejor-maestro-05-2-127.jpg,"Hola, Creaciones DM. Quiero cotizar este diseño del catálogo: EL MEJOR MAESTRO 05 2. Tipo: Mugs y tazas. Ocasión: Profesiones."
el-mejor-maestro-05-128,EL MEJOR MAESTRO 05,Mugs y tazas,Profesiones,Packs profesiones especiales,Diseño,/assets/store/el-mejor-maestro-05-128.jpg,"Hola, Creaciones DM. Quiero cotizar este diseño del catálogo: EL MEJOR MAESTRO 05. Tipo: Mugs y tazas. Ocasión: Profesiones."
la-mejor-maestra-01-2-129,LA MEJOR MAESTRA 01 2,Mugs y tazas,Profesiones,Packs profesiones especiales,Diseño,/assets/store/la-mejor-maestra-01-2-129.jpg,"Hola, Creaciones DM. Quiero cotizar este diseño del catálogo: LA MEJOR MAESTRA 01 2. Tipo: Mugs y tazas. Ocasión: Profesiones."
la-mejor-maestra-01-130,LA MEJOR MAESTRA 01,Mugs y tazas,Profesiones,Packs profesiones especiales,Diseño,/assets/store/la-mejor-maestra-01-130.jpg,"Hola, Creaciones DM. Quiero cotizar este diseño del catálogo: LA MEJOR MAESTRA 01. Tipo: Mugs y tazas. Ocasión: Profesiones."
la-mejor-maestra-02-2-131,LA MEJOR MAESTRA 02 2,Mugs y tazas,Profesiones,Packs profesiones especiales,Diseño,/assets/store/la-mejor-maestra-02-2-131.jpg,"Hola, Creaciones DM. Quiero cotizar este diseño del catálogo: LA MEJOR MAESTRA 02 2. Tipo: Mugs y tazas. Ocasión: Profesiones."
la-mejor-maestra-02-132,LA MEJOR MAESTRA 02,Mugs y tazas,Profesiones,Packs profesiones especiales,Diseño,/assets/store/la-mejor-maestra-02-132.jpg,"Hola, Creaciones DM. Quiero cotizar este diseño del catálogo: LA MEJOR MAESTRA 02. Tipo: Mugs y tazas. Ocasión: Profesiones."
la-mejor-maestra-03-2-133,LA MEJOR MAESTRA 03 2,Mugs y tazas,Profesiones,Packs profesiones especiales,Diseño,/assets/store/la-mejor-maestra-03-2-133.jpg,"Hola, Creaciones DM. Quiero cotizar este diseño del catálogo: LA MEJOR MAESTRA 03 2. Tipo: Mugs y tazas. Ocasión: Profesiones."
la-mejor-maestra-03-134,LA MEJOR MAESTRA 03,Mugs y tazas,Profesiones,Packs profesiones especiales,Diseño,/assets/store/la-mejor-maestra-03-134.jpg,"Hola, Creaciones DM. Quiero cotizar este diseño del catálogo: LA MEJOR MAESTRA 03. Tipo: Mugs y tazas. Ocasión: Profesiones."
la-mejor-maestra-04-2-135,LA MEJOR MAESTRA 04 2,Mugs y tazas,Profesiones,Packs profesiones especiales,Diseño,/assets/store/la-mejor-maestra-04-2-135.jpg,"Hola, Creaciones DM. Quiero cotizar este diseño del catálogo: LA MEJOR MAESTRA 04 2. Tipo: Mugs y tazas. Ocasión: Profesiones."
la-mejor-maestra-04-136,LA MEJOR MAESTRA 04,Mugs y tazas,Profesiones,Packs profesiones especiales,Diseño,/assets/store/la-mejor-maestra-04-136.jpg,"Hola, Creaciones DM. Quiero cotizar este diseño del catálogo: LA MEJOR MAESTRA 04. Tipo: Mugs y tazas. Ocasión: Profesiones."
la-mejor-maestra-05-2-137,LA MEJOR MAESTRA 05 2,Mugs y tazas,Profesiones,Packs profesiones especiales,Diseño,/assets/store/la-mejor-maestra-05-2-137.jpg,"Hola, Creaciones DM. Quiero cotizar este diseño del catálogo: LA MEJOR MAESTRA 05 2. Tipo: Mugs y tazas. Ocasión: Profesiones."
la-mejor-maestra-05-138,LA MEJOR MAESTRA 05,Mugs y tazas,Profesiones,Packs profesiones especiales,Diseño,/assets/store/la-mejor-maestra-05-138.jpg,"Hola, Creaciones DM. Quiero cotizar este diseño del catálogo: LA MEJOR MAESTRA 05. Tipo: Mugs y tazas. Ocasión: Profesiones."
aquitoma-motera-139,AquiToma Motera,Diseños para sublimación,Profesiones,Packs profesiones especiales,Mockup,/assets/store/aquitoma-motera-139.jpg,"Hola, Creaciones DM. Quiero cotizar este diseño del catálogo: AquiToma Motera. Tipo: Diseños para sublimación. Ocasión: Profesiones."
aquitoma-motero-140,AquiToma Motero,Diseños para sublimación,Profesiones,Packs profesiones especiales,Mockup,/assets/store/aquitoma-motero-140.jpg,"Hola, Creaciones DM. Quiero cotizar este diseño del catálogo: AquiToma Motero. Tipo: Diseños para sublimación. Ocasión: Profesiones."
aqui-toma-motera-1-141,Aqui Toma Motera 1,Mugs y tazas,Profesiones,Packs profesiones especiales,Diseño,/assets/store/aqui-toma-motera-1-141.jpg,"Hola, Creaciones DM. Quiero cotizar este diseño del catálogo: Aqui Toma Motera 1. Tipo: Mugs y tazas. Ocasión: Profesiones."
aqui-toma-motera-142,Aqui Toma Motera,Mugs y tazas,Profesiones,Packs profesiones especiales,Diseño,/assets/store/aqui-toma-motera-142.jpg,"Hola, Creaciones DM. Quiero cotizar este diseño del catálogo: Aqui Toma Motera. Tipo: Mugs y tazas. Ocasión: Profesiones."
aqui-toma-motero-1-143,Aqui Toma Motero 1,Mugs y tazas,Profesiones,Packs profesiones especiales,Diseño,/assets/store/aqui-toma-motero-1-143.jpg,"Hola, Creaciones DM. Quiero cotizar este diseño del catálogo: Aqui Toma Motero 1. Tipo: Mugs y tazas. Ocasión: Profesiones."
aqui-toma-motero-144,Aqui Toma Motero,Mugs y tazas,Profesiones,Packs profesiones especiales,Diseño,/assets/store/aqui-toma-motero-144.jpg,"Hola, Creaciones DM. Quiero cotizar este diseño del catálogo: Aqui Toma Motero. Tipo: Mugs y tazas. Ocasión: Profesiones."
profesiones-pack2-01-novio-2-145,Profesiones Pack2 01 Novio 2,Mugs y tazas,Profesiones,Packs profesiones especiales,Diseño,/assets/store/profesiones-pack2-01-novio-2-145.jpg,"Hola, Creaciones DM. Quiero cotizar este diseño del catálogo: Profesiones Pack2 01 Novio 2. Tipo: Mugs y tazas. Ocasión: Profesiones."
profesiones-pack2-01-novio-146,Profesiones Pack2 01 Novio,Mugs y tazas,Profesiones,Packs profesiones especiales,Diseño,/assets/store/profesiones-pack2-01-novio-146.jpg,"Hola, Creaciones DM. Quiero cotizar este diseño del catálogo: Profesiones Pack2 01 Novio. Tipo: Mugs y tazas. Ocasión: Profesiones."
profesiones-pack2-02-novia-2-147,Profesiones Pack2 02 Novia 2,Mugs y tazas,Profesiones,Packs profesiones especiales,Diseño,/assets/store/profesiones-pack2-02-novia-2-147.jpg,"Hola, Creaciones DM. Quiero cotizar este diseño del catálogo: Profesiones Pack2 02 Novia 2. Tipo: Mugs y tazas. Ocasión: Profesiones."
profesiones-pack2-02-novia-148,Profesiones Pack2 02 Novia,Mugs y tazas,Profesiones,Packs profesiones especiales,Diseño,/assets/store/profesiones-pack2-02-novia-148.jpg,"Hola, Creaciones DM. Quiero cotizar este diseño del catálogo: Profesiones Pack2 02 Novia. Tipo: Mugs y tazas. Ocasión: Profesiones."
profesiones-pack2-03-gendarmeria-2-149,Profesiones Pack2 03 GENDARMERIA 2,Mugs y tazas,Profesiones,Packs profesiones especiales,Diseño,/assets/store/profesiones-pack2-03-gendarmeria-2-149.jpg,"Hola, Creaciones DM. Quiero cotizar este diseño del catálogo: Profesiones Pack2 03 GENDARMERIA 2. Tipo: Mugs y tazas. Ocasión: Profesiones."
profesiones-pack2-03-gendarmeria-150,Profesiones Pack2 03 GENDARMERIA,Mugs y tazas,Profesiones,Packs profesiones especiales,Diseño,/assets/store/profesiones-pack2-03-gendarmeria-150.jpg,"Hola, Creaciones DM. Quiero cotizar este diseño del catálogo: Profesiones Pack2 03 GENDARMERIA. Tipo: Mugs y tazas. Ocasión: Profesiones."
profesiones-pack2-04-gendarmeria-2-151,Profesiones Pack2 04 GENDARMERIA 2,Mugs y tazas,Profesiones,Packs profesiones especiales,Diseño,/assets/store/profesiones-pack2-04-gendarmeria-2-151.jpg,"Hola, Creaciones DM. Quiero cotizar este diseño del catálogo: Profesiones Pack2 04 GENDARMERIA 2. Tipo: Mugs y tazas. Ocasión: Profesiones."
profesiones-pack2-04-gendarmeria-152,Profesiones Pack2 04 GENDARMERIA,Mugs y tazas,Profesiones,Packs profesiones especiales,Diseño,/assets/store/profesiones-pack2-04-gendarmeria-152.jpg,"Hola, Creaciones DM. Quiero cotizar este diseño del catálogo: Profesiones Pack2 04 GENDARMERIA. Tipo: Mugs y tazas. Ocasión: Profesiones."
profesiones-pack2-05-electronico-2-153,Profesiones Pack2 05 Electronico 2,Mugs y tazas,Profesiones,Packs profesiones especiales,Diseño,/assets/store/profesiones-pack2-05-electronico-2-153.jpg,"Hola, Creaciones DM. Quiero cotizar este diseño del catálogo: Profesiones Pack2 05 Electronico 2. Tipo: Mugs y tazas. Ocasión: Profesiones."
profesiones-pack2-05-electronico-154,Profesiones Pack2 05 Electronico,Mugs y tazas,Profesiones,Packs profesiones especiales,Diseño,/assets/store/profesiones-pack2-05-electronico-154.jpg,"Hola, Creaciones DM. Quiero cotizar este diseño del catálogo: Profesiones Pack2 05 Electronico. Tipo: Mugs y tazas. Ocasión: Profesiones."
profesiones-pack2-05-ingeniero-civil-2-155,Profesiones Pack2 05 INGENIERO CIVIL 2,Mugs y tazas,Profesiones,Packs profesiones especiales,Diseño,/assets/store/profesiones-pack2-05-ingeniero-civil-2-155.jpg,"Hola, Creaciones DM. Quiero cotizar este diseño del catálogo: Profesiones Pack2 05 INGENIERO CIVIL 2. Tipo: Mugs y tazas. Ocasión: Profesiones."
profesiones-pack2-06-electronico-2-156,Profesiones Pack2 06 Electronico 2,Mugs y tazas,Profesiones,Packs profesiones especiales,Diseño,/assets/store/profesiones-pack2-06-electronico-2-156.jpg,"Hola, Creaciones DM. Quiero cotizar este diseño del catálogo: Profesiones Pack2 06 Electronico 2. Tipo: Mugs y tazas. Ocasión: Profesiones."
profesiones-pack2-06-electronico-157,Profesiones Pack2 06 Electronico,Mugs y tazas,Profesiones,Packs profesiones especiales,Diseño,/assets/store/profesiones-pack2-06-electronico-157.jpg,"Hola, Creaciones DM. Quiero cotizar este diseño del catálogo: Profesiones Pack2 06 Electronico. Tipo: Mugs y tazas. Ocasión: Profesiones."
profesiones-pack2-07-enfermero-2-158,Profesiones Pack2 07 Enfermero 2,Mugs y tazas,Profesiones,Packs profesiones especiales,Diseño,/assets/store/profesiones-pack2-07-enfermero-2-158.jpg,"Hola, Creaciones DM. Quiero cotizar este diseño del catálogo: Profesiones Pack2 07 Enfermero 2. Tipo: Mugs y tazas. Ocasión: Profesiones."
profesiones-pack2-07-enfermero-159,Profesiones Pack2 07 Enfermero,Mugs y tazas,Profesiones,Packs profesiones especiales,Diseño,/assets/store/profesiones-pack2-07-enfermero-159.jpg,"Hola, Creaciones DM. Quiero cotizar este diseño del catálogo: Profesiones Pack2 07 Enfermero. Tipo: Mugs y tazas. Ocasión: Profesiones."
profesiones-pack2-08-enfermera-2-160,Profesiones Pack2 08 Enfermera 2,Mugs y tazas,Profesiones,Packs profesiones especiales,Diseño,/assets/store/profesiones-pack2-08-enfermera-2-160.jpg,"Hola, Creaciones DM. Quiero cotizar este diseño del catálogo: Profesiones Pack2 08 Enfermera 2. Tipo: Mugs y tazas. Ocasión: Profesiones."
profesiones-pack2-08-enfermera-161,Profesiones Pack2 08 Enfermera,Mugs y tazas,Profesiones,Packs profesiones especiales,Diseño,/assets/store/profesiones-pack2-08-enfermera-161.jpg,"Hola, Creaciones DM. Quiero cotizar este diseño del catálogo: Profesiones Pack2 08 Enfermera. Tipo: Mugs y tazas. Ocasión: Profesiones."
profesiones-pack2-09-mecanico-2-162,Profesiones Pack2 09 Mecanico 2,Mugs y tazas,Profesiones,Packs profesiones especiales,Diseño,/assets/store/profesiones-pack2-09-mecanico-2-162.jpg,"Hola, Creaciones DM. Quiero cotizar este diseño del catálogo: Profesiones Pack2 09 Mecanico 2. Tipo: Mugs y tazas. Ocasión: Profesiones."
profesiones-pack2-09-mecanico-163,Profesiones Pack2 09 Mecanico,Mugs y tazas,Profesiones,Packs profesiones especiales,Diseño,/assets/store/profesiones-pack2-09-mecanico-163.jpg,"Hola, Creaciones DM. Quiero cotizar este diseño del catálogo: Profesiones Pack2 09 Mecanico. Tipo: Mugs y tazas. Ocasión: Profesiones."
profesiones-pack2-10-manicurista-2-164,Profesiones Pack2 10 Manicurista 2,Mugs y tazas,Profesiones,Packs profesiones especiales,Diseño,/assets/store/profesiones-pack2-10-manicurista-2-164.jpg,"Hola, Creaciones DM. Quiero cotizar este diseño del catálogo: Profesiones Pack2 10 Manicurista 2. Tipo: Mugs y tazas. Ocasión: Profesiones."
profesiones-pack2-10-manicurista-165,Profesiones Pack2 10 Manicurista,Mugs y tazas,Profesiones,Packs profesiones especiales,Diseño,/assets/store/profesiones-pack2-10-manicurista-165.jpg,"Hola, Creaciones DM. Quiero cotizar este diseño del catálogo: Profesiones Pack2 10 Manicurista. Tipo: Mugs y tazas. Ocasión: Profesiones."
profesiones-pack2-11-ing-quimico-2-166,Profesiones Pack2 11 Ing Quimico 2,Mugs y tazas,Profesiones,Packs profesiones especiales,Diseño,/assets/store/profesiones-pack2-11-ing-quimico-2-166.jpg,"Hola, Creaciones DM. Quiero cotizar este diseño del catálogo: Profesiones Pack2 11 Ing Quimico 2. Tipo: Mugs y tazas. Ocasión: Profesiones."
profesiones-pack2-11-ing-quimico-167,Profesiones Pack2 11 Ing Quimico,Mugs y tazas,Profesiones,Packs profesiones especiales,Diseño,/assets/store/profesiones-pack2-11-ing-quimico-167.jpg,"Hola, Creaciones DM. Quiero cotizar este diseño del catálogo: Profesiones Pack2 11 Ing Quimico. Tipo: Mugs y tazas. Ocasión: Profesiones."
profesiones-pack2-12-ing-quimico-2-168,Profesiones Pack2 12 Ing Quimico 2,Mugs y tazas,Profesiones,Packs profesiones especiales,Diseño,/assets/store/profesiones-pack2-12-ing-quimico-2-168.jpg,"Hola, Creaciones DM. Quiero cotizar este diseño del catálogo: Profesiones Pack2 12 Ing Quimico 2. Tipo: Mugs y tazas. Ocasión: Profesiones."
profesiones-pack2-12-ing-quimico-169,Profesiones Pack2 12 Ing Quimico,Mugs y tazas,Profesiones,Packs profesiones especiales,Diseño,/assets/store/profesiones-pack2-12-ing-quimico-169.jpg,"Hola, Creaciones DM. Quiero cotizar este diseño del catálogo: Profesiones Pack2 12 Ing Quimico. Tipo: Mugs y tazas. Ocasión: Profesiones."
profesiones-pack2-13-administrador-2-170,Profesiones Pack2 13 Administrador 2,Mugs y tazas,Profesiones,Packs profesiones especiales,Diseño,/assets/store/profesiones-pack2-13-administrador-2-170.jpg,"Hola, Creaciones DM. Quiero cotizar este diseño del catálogo: Profesiones Pack2 13 Administrador 2. Tipo: Mugs y tazas. Ocasión: Profesiones."
profesiones-pack2-13-administrador-171,Profesiones Pack2 13 Administrador,Mugs y tazas,Profesiones,Packs profesiones especiales,Diseño,/assets/store/profesiones-pack2-13-administrador-171.jpg,"Hola, Creaciones DM. Quiero cotizar este diseño del catálogo: Profesiones Pack2 13 Administrador. Tipo: Mugs y tazas. Ocasión: Profesiones."
profesiones-pack2-13-ingeniero-comercial-2-172,Profesiones Pack2 13 INGENIERO COMERCIAL 2,Mugs y tazas,Profesiones,Packs profesiones especiales,Diseño,/assets/store/profesiones-pack2-13-ingeniero-comercial-2-172.jpg,"Hola, Creaciones DM. Quiero cotizar este diseño del catálogo: Profesiones Pack2 13 INGENIERO COMERCIAL 2. Tipo: Mugs y tazas. Ocasión: Profesiones."
profesiones-pack2-14-administrador-2-173,Profesiones Pack2 14 Administrador 2,Mugs y tazas,Profesiones,Packs profesiones especiales,Diseño,/assets/store/profesiones-pack2-14-administrador-2-173.jpg,"Hola, Creaciones DM. Quiero cotizar este diseño del catálogo: Profesiones Pack2 14 Administrador 2. Tipo: Mugs y tazas. Ocasión: Profesiones."
profesiones-pack2-14-administrador-174,Profesiones Pack2 14 Administrador,Mugs y tazas,Profesiones,Packs profesiones especiales,Diseño,/assets/store/profesiones-pack2-14-administrador-174.jpg,"Hola, Creaciones DM. Quiero cotizar este diseño del catálogo: Profesiones Pack2 14 Administrador. Tipo: Mugs y tazas. Ocasión: Profesiones."
profesiones-pack2-15-chef-2-175,Profesiones Pack2 15 Chef 2,Mugs y tazas,Profesiones,Packs profesiones especiales,Diseño,/assets/store/profesiones-pack2-15-chef-2-175.jpg,"Hola, Creaciones DM. Quiero cotizar este diseño del catálogo: Profesiones Pack2 15 Chef 2. Tipo: Mugs y tazas. Ocasión: Profesiones."
profesiones-pack2-15-chef-176,Profesiones Pack2 15 Chef,Mugs y tazas,Profesiones,Packs profesiones especiales,Diseño,/assets/store/profesiones-pack2-15-chef-176.jpg,"Hola, Creaciones DM. Quiero cotizar este diseño del catálogo: Profesiones Pack2 15 Chef. Tipo: Mugs y tazas. Ocasión: Profesiones."
profesiones-pack2-15-masterchef-177,Profesiones Pack2 15 MASTERCHEF,Mugs y tazas,Profesiones,Packs profesiones especiales,Diseño,/assets/store/profesiones-pack2-15-masterchef-177.jpg,"Hola, Creaciones DM. Quiero cotizar este diseño del catálogo: Profesiones Pack2 15 MASTERCHEF. Tipo: Mugs y tazas. Ocasión: Profesiones."
profesiones-pack2-16-chef-2-178,Profesiones Pack2 16 Chef 2,Mugs y tazas,Profesiones,Packs profesiones especiales,Diseño,/assets/store/profesiones-pack2-16-chef-2-178.jpg,"Hola, Creaciones DM. Quiero cotizar este diseño del catálogo: Profesiones Pack2 16 Chef 2. Tipo: Mugs y tazas. Ocasión: Profesiones."
profesiones-pack2-16-chef-179,Profesiones Pack2 16 Chef,Mugs y tazas,Profesiones,Packs profesiones especiales,Diseño,/assets/store/profesiones-pack2-16-chef-179.jpg,"Hola, Creaciones DM. Quiero cotizar este diseño del catálogo: Profesiones Pack2 16 Chef. Tipo: Mugs y tazas. Ocasión: Profesiones."
profesiones-pack2-17-abogado-2-180,Profesiones Pack2 17 Abogado 2,Mugs y tazas,Profesiones,Packs profesiones especiales,Diseño,/assets/store/profesiones-pack2-17-abogado-2-180.jpg,"Hola, Creaciones DM. Quiero cotizar este diseño del catálogo: Profesiones Pack2 17 Abogado 2. Tipo: Mugs y tazas. Ocasión: Profesiones."
profesiones-pack2-17-abogado-181,Profesiones Pack2 17 Abogado,Mugs y tazas,Profesiones,Packs profesiones especiales,Diseño,/assets/store/profesiones-pack2-17-abogado-181.jpg,"Hola, Creaciones DM. Quiero cotizar este diseño del catálogo: Profesiones Pack2 17 Abogado. Tipo: Mugs y tazas. Ocasión: Profesiones."
profesiones-pack2-18-abogada-2-182,Profesiones Pack2 18 AbogadA 2,Mugs y tazas,Profesiones,Packs profesiones especiales,Diseño,/assets/store/profesiones-pack2-18-abogada-2-182.jpg,"Hola, Creaciones DM. Quiero cotizar este diseño del catálogo: Profesiones Pack2 18 AbogadA 2. Tipo: Mugs y tazas. Ocasión: Profesiones."
profesiones-pack2-18-abogada-183,Profesiones Pack2 18 AbogadA,Mugs y tazas,Profesiones,Packs profesiones especiales,Diseño,/assets/store/profesiones-pack2-18-abogada-183.jpg,"Hola, Creaciones DM. Quiero cotizar este diseño del catálogo: Profesiones Pack2 18 AbogadA. Tipo: Mugs y tazas. Ocasión: Profesiones."
profesiones-pack2-19-esposo-2-184,Profesiones Pack2 19 Esposo 2,Mugs y tazas,Profesiones,Packs profesiones especiales,Diseño,/assets/store/profesiones-pack2-19-esposo-2-184.jpg,"Hola, Creaciones DM. Quiero cotizar este diseño del catálogo: Profesiones Pack2 19 Esposo 2. Tipo: Mugs y tazas. Ocasión: Profesiones."
profesiones-pack2-19-esposo-185,Profesiones Pack2 19 Esposo,Mugs y tazas,Profesiones,Packs profesiones especiales,Diseño,/assets/store/profesiones-pack2-19-esposo-185.jpg,"Hola, Creaciones DM. Quiero cotizar este diseño del catálogo: Profesiones Pack2 19 Esposo. Tipo: Mugs y tazas. Ocasión: Profesiones."
profesiones-pack2-20-esposa-2-186,Profesiones Pack2 20 Esposa 2,Mugs y tazas,Profesiones,Packs profesiones especiales,Diseño,/assets/store/profesiones-pack2-20-esposa-2-186.jpg,"Hola, Creaciones DM. Quiero cotizar este diseño del catálogo: Profesiones Pack2 20 Esposa 2. Tipo: Mugs y tazas. Ocasión: Profesiones."
profesiones-pack2-20-esposa-187,Profesiones Pack2 20 Esposa,Mugs y tazas,Profesiones,Packs profesiones especiales,Diseño,/assets/store/profesiones-pack2-20-esposa-187.jpg,"Hola, Creaciones DM. Quiero cotizar este diseño del catálogo: Profesiones Pack2 20 Esposa. Tipo: Mugs y tazas. Ocasión: Profesiones."
01-188,01,Diseños para sublimación,Diseños variados,Packs profesiones especiales,Diseño,/assets/store/01-188.jpg,"Hola, Creaciones DM. Quiero cotizar este diseño del catálogo: 01. Tipo: Diseños para sublimación. Ocasión: Diseños variados."
02-189,02,Diseños para sublimación,Diseños variados,Packs profesiones especiales,Diseño,/assets/store/02-189.jpg,"Hola, Creaciones DM. Quiero cotizar este diseño del catálogo: 02. Tipo: Diseños para sublimación. Ocasión: Diseños variados."
03-190,03,Diseños para sublimación,Diseños variados,Packs profesiones especiales,Diseño,/assets/store/03-190.jpg,"Hola, Creaciones DM. Quiero cotizar este diseño del catálogo: 03. Tipo: Diseños para sublimación. Ocasión: Diseños variados."
04-191,04,Diseños para sublimación,Diseños variados,Packs profesiones especiales,Diseño,/assets/store/04-191.jpg,"Hola, Creaciones DM. Quiero cotizar este diseño del catálogo: 04. Tipo: Diseños para sublimación. Ocasión: Diseños variados."
05-192,05,Diseños para sublimación,Diseños variados,Packs profesiones especiales,Diseño,/assets/store/05-192.jpg,"Hola, Creaciones DM. Quiero cotizar este diseño del catálogo: 05. Tipo: Diseños para sublimación. Ocasión: Diseños variados."
06-193,06,Diseños para sublimación,Diseños variados,Packs profesiones especiales,Diseño,/assets/store/06-193.jpg,"Hola, Creaciones DM. Quiero cotizar este diseño del catálogo: 06. Tipo: Diseños para sublimación. Ocasión: Diseños variados."
07-194,07,Diseños para sublimación,Diseños variados,Packs profesiones especiales,Diseño,/assets/store/07-194.jpg,"Hola, Creaciones DM. Quiero cotizar este diseño del catálogo: 07. Tipo: Diseños para sublimación. Ocasión: Diseños variados."
08-195,08,Diseños para sublimación,Diseños variados,Packs profesiones especiales,Diseño,/assets/store/08-195.jpg,"Hola, Creaciones DM. Quiero cotizar este diseño del catálogo: 08. Tipo: Diseños para sublimación. Ocasión: Diseños variados."
09-196,09,Diseños para sublimación,Diseños variados,Packs profesiones especiales,Diseño,/assets/store/09-196.jpg,"Hola, Creaciones DM. Quiero cotizar este diseño del catálogo: 09. Tipo: Diseños para sublimación. Ocasión: Diseños variados."
10-197,10,Diseños para sublimación,Diseños variados,Packs profesiones especiales,Diseño,/assets/store/10-197.jpg,"Hola, Creaciones DM. Quiero cotizar este diseño del catálogo: 10. Tipo: Diseños para sublimación. Ocasión: Diseños variados."
11-198,11,Diseños para sublimación,Diseños variados,Packs profesiones especiales,Diseño,/assets/store/11-198.jpg,"Hola, Creaciones DM. Quiero cotizar este diseño del catálogo: 11. Tipo: Diseños para sublimación. Ocasión: Diseños variados."
12-199,12,Diseños para sublimación,Diseños variados,Packs profesiones especiales,Diseño,/assets/store/12-199.jpg,"Hola, Creaciones DM. Quiero cotizar este diseño del catálogo: 12. Tipo: Diseños para sublimación. Ocasión: Diseños variados."
13-200,13,Diseños para sublimación,Diseños variados,Packs profesiones especiales,Diseño,/assets/store/13-200.jpg,"Hola, Creaciones DM. Quiero cotizar este diseño del catálogo: 13. Tipo: Diseños para sublimación. Ocasión: Diseños variados."
14-201,14,Diseños para sublimación,Diseños variados,Packs profesiones especiales,Diseño,/assets/store/14-201.jpg,"Hola, Creaciones DM. Quiero cotizar este diseño del catálogo: 14. Tipo: Diseños para sublimación. Ocasión: Diseños variados."
15-202,15,Diseños para sublimación,Diseños variados,Packs profesiones especiales,Diseño,/assets/store/15-202.jpg,"Hola, Creaciones DM. Quiero cotizar este diseño del catálogo: 15. Tipo: Diseños para sublimación. Ocasión: Diseños variados."
16-203,16,Diseños para sublimación,Diseños variados,Packs profesiones especiales,Diseño,/assets/store/16-203.jpg,"Hola, Creaciones DM. Quiero cotizar este diseño del catálogo: 16. Tipo: Diseños para sublimación. Ocasión: Diseños variados."
17-204,17,Diseños para sublimación,Diseños variados,Packs profesiones especiales,Diseño,/assets/store/17-204.jpg,"Hola, Creaciones DM. Quiero cotizar este diseño del catálogo: 17. Tipo: Diseños para sublimación. Ocasión: Diseños variados."
18-205,18,Diseños para sublimación,Diseños variados,Packs profesiones especiales,Diseño,/assets/store/18-205.jpg,"Hola, Creaciones DM. Quiero cotizar este diseño del catálogo: 18. Tipo: Diseños para sublimación. Ocasión: Diseños variados."
19-206,19,Diseños para sublimación,Diseños variados,Packs profesiones especiales,Diseño,/assets/store/19-206.jpg,"Hola, Creaciones DM. Quiero cotizar este diseño del catálogo: 19. Tipo: Diseños para sublimación. Ocasión: Diseños variados."
20-207,20,Diseños para sublimación,Diseños variados,Packs profesiones especiales,Diseño,/assets/store/20-207.jpg,"Hola, Creaciones DM. Quiero cotizar este diseño del catálogo: 20. Tipo: Diseños para sublimación. Ocasión: Diseños variados."
21-208,21,Diseños para sublimación,Diseños variados,Packs profesiones especiales,Diseño,/assets/store/21-208.jpg,"Hola, Creaciones DM. Quiero cotizar este diseño del catálogo: 21. Tipo: Diseños para sublimación. Ocasión: Diseños variados."
22-209,22,Diseños para sublimación,Diseños variados,Packs profesiones especiales,Diseño,/assets/store/22-209.jpg,"Hola, Creaciones DM. Quiero cotizar este diseño del catálogo: 22. Tipo: Diseños para sublimación. Ocasión: Diseños variados."
23-210,23,Diseños para sublimación,Diseños variados,Packs profesiones especiales,Diseño,/assets/store/23-210.jpg,"Hola, Creaciones DM. Quiero cotizar este diseño del catálogo: 23. Tipo: Diseños para sublimación. Ocasión: Diseños variados."
24-211,24,Diseños para sublimación,Diseños variados,Packs profesiones especiales,Diseño,/assets/store/24-211.jpg,"Hola, Creaciones DM. Quiero cotizar este diseño del catálogo: 24. Tipo: Diseños para sublimación. Ocasión: Diseños variados."
25-212,25,Diseños para sublimación,Diseños variados,Packs profesiones especiales,Diseño,/assets/store/25-212.jpg,"Hola, Creaciones DM. Quiero cotizar este diseño del catálogo: 25. Tipo: Diseños para sublimación. Ocasión: Diseños variados."
26-213,26,Diseños para sublimación,Diseños variados,Packs profesiones especiales,Diseño,/assets/store/26-213.jpg,"Hola, Creaciones DM. Quiero cotizar este diseño del catálogo: 26. Tipo: Diseños para sublimación. Ocasión: Diseños variados."
27-214,27,Diseños para sublimación,Diseños variados,Packs profesiones especiales,Diseño,/assets/store/27-214.jpg,"Hola, Creaciones DM. Quiero cotizar este diseño del catálogo: 27. Tipo: Diseños para sublimación. Ocasión: Diseños variados."
28-215,28,Diseños para sublimación,Diseños variados,Packs profesiones especiales,Diseño,/assets/store/28-215.jpg,"Hola, Creaciones DM. Quiero cotizar este diseño del catálogo: 28. Tipo: Diseños para sublimación. Ocasión: Diseños variados."
29-216,29,Diseños para sublimación,Diseños variados,Packs profesiones especiales,Diseño,/assets/store/29-216.jpg,"Hola, Creaciones DM. Quiero cotizar este diseño del catálogo: 29. Tipo: Diseños para sublimación. Ocasión: Diseños variados."
30-217,30,Diseños para sublimación,Diseños variados,Packs profesiones especiales,Diseño,/assets/store/30-217.jpg,"Hola, Creaciones DM. Quiero cotizar este diseño del catálogo: 30. Tipo: Diseños para sublimación. Ocasión: Diseños variados."
profesiones-pack2-21-bacteriologo-2-218,Profesiones Pack2 21 Bacteriologo 2,Mugs y tazas,Profesiones,Packs profesiones especiales,Diseño,/assets/store/profesiones-pack2-21-bacteriologo-2-218.jpg,"Hola, Creaciones DM. Quiero cotizar este diseño del catálogo: Profesiones Pack2 21 Bacteriologo 2. Tipo: Mugs y tazas. Ocasión: Profesiones."
profesiones-pack2-22-bacteriologa-2-219,Profesiones Pack2 22 BACTERIOLOGA 2,Mugs y tazas,Profesiones,Packs profesiones especiales,Diseño,/assets/store/profesiones-pack2-22-bacteriologa-2-219.jpg,"Hola, Creaciones DM. Quiero cotizar este diseño del catálogo: Profesiones Pack2 22 BACTERIOLOGA 2. Tipo: Mugs y tazas. Ocasión: Profesiones."
aqui-toma-conductor-220,AQUI TOMA CONDUCTOR,Diseños para sublimación,Profesiones,Packs profesiones especiales,Mockup,/assets/store/aqui-toma-conductor-220.jpg,"Hola, Creaciones DM. Quiero cotizar este diseño del catálogo: AQUI TOMA CONDUCTOR. Tipo: Diseños para sublimación. Ocasión: Profesiones."
aqui-toma-taxista-221,AQUI TOMA TAXISTA,Diseños para sublimación,Profesiones,Packs profesiones especiales,Mockup,/assets/store/aqui-toma-taxista-221.jpg,"Hola, Creaciones DM. Quiero cotizar este diseño del catálogo: AQUI TOMA TAXISTA. Tipo: Diseños para sublimación. Ocasión: Profesiones."
aqui-toma-conductor-2-222,Aqui Toma Conductor 2,Mugs y tazas,Profesiones,Packs profesiones especiales,Diseño,/assets/store/aqui-toma-conductor-2-222.jpg,"Hola, Creaciones DM. Quiero cotizar este diseño del catálogo: Aqui Toma Conductor 2. Tipo: Mugs y tazas. Ocasión: Profesiones."
aqui-toma-conductor-223,Aqui Toma Conductor,Mugs y tazas,Profesiones,Packs profesiones especiales,Diseño,/assets/store/aqui-toma-conductor-223.jpg,"Hola, Creaciones DM. Quiero cotizar este diseño del catálogo: Aqui Toma Conductor. Tipo: Mugs y tazas. Ocasión: Profesiones."
aqui-toma-taxista-2-224,Aqui Toma Taxista 2,Mugs y tazas,Profesiones,Packs profesiones especiales,Diseño,/assets/store/aqui-toma-taxista-2-224.jpg,"Hola, Creaciones DM. Quiero cotizar este diseño del catálogo: Aqui Toma Taxista 2. Tipo: Mugs y tazas. Ocasión: Profesiones."
aqui-toma-taxista-225,Aqui Toma Taxista,Mugs y tazas,Profesiones,Packs profesiones especiales,Diseño,/assets/store/aqui-toma-taxista-225.jpg,"Hola, Creaciones DM. Quiero cotizar este diseño del catálogo: Aqui Toma Taxista. Tipo: Mugs y tazas. Ocasión: Profesiones."
el-mejor-del-mundo-226,EL MEJOR DEL MUNDO,Diseños para sublimación,Profesiones,Packs profesiones especiales,Diseño,/assets/store/el-mejor-del-mundo-226.jpg,"Hola, Creaciones DM. Quiero cotizar este diseño del catálogo: EL MEJOR DEL MUNDO. Tipo: Diseños para sublimación. Ocasión: Profesiones."
el-mejor-papa-227,EL MEJOR PAPÁ,Diseños para sublimación,Profesiones,Packs profesiones especiales,Diseño,/assets/store/el-mejor-papa-227.jpg,"Hola, Creaciones DM. Quiero cotizar este diseño del catálogo: EL MEJOR PAPÁ. Tipo: Diseños para sublimación. Ocasión: Profesiones."
la-mejor-del-mundo-2-228,LA MEJOR DEL MUNDO 2,Diseños para sublimación,Profesiones,Packs profesiones especiales,Diseño,/assets/store/la-mejor-del-mundo-2-228.jpg,"Hola, Creaciones DM. Quiero cotizar este diseño del catálogo: LA MEJOR DEL MUNDO 2. Tipo: Diseños para sublimación. Ocasión: Profesiones."
la-mejor-del-mundo-3-229,LA MEJOR DEL MUNDO 3,Diseños para sublimación,Profesiones,Packs profesiones especiales,Diseño,/assets/store/la-mejor-del-mundo-3-229.jpg,"Hola, Creaciones DM. Quiero cotizar este diseño del catálogo: LA MEJOR DEL MUNDO 3. Tipo: Diseños para sublimación. Ocasión: Profesiones."
la-mejor-del-mundo-230,LA MEJOR DEL MUNDO,Diseños para sublimación,Profesiones,Packs profesiones especiales,Diseño,/assets/store/la-mejor-del-mundo-230.jpg,"Hola, Creaciones DM. Quiero cotizar este diseño del catálogo: LA MEJOR DEL MUNDO. Tipo: Diseños para sublimación. Ocasión: Profesiones."
profesiones-pack1-01-doctor-2-231,Profesiones Pack1 01 Doctor 2,Mugs y tazas,Profesiones,Packs profesiones especiales,Diseño,/assets/store/profesiones-pack1-01-doctor-2-231.jpg,"Hola, Creaciones DM. Quiero cotizar este diseño del catálogo: Profesiones Pack1 01 Doctor 2. Tipo: Mugs y tazas. Ocasión: Profesiones."
profesiones-pack1-02-doctora-2-232,Profesiones Pack1 02 Doctora 2,Mugs y tazas,Profesiones,Packs profesiones especiales,Diseño,/assets/store/profesiones-pack1-02-doctora-2-232.jpg,"Hola, Creaciones DM. Quiero cotizar este diseño del catálogo: Profesiones Pack1 02 Doctora 2. Tipo: Mugs y tazas. Ocasión: Profesiones."
profesiones-pack1-03-profesor-2-233,Profesiones Pack1 03 Profesor 2,Mugs y tazas,Profesiones,Packs profesiones especiales,Diseño,/assets/store/profesiones-pack1-03-profesor-2-233.jpg,"Hola, Creaciones DM. Quiero cotizar este diseño del catálogo: Profesiones Pack1 03 Profesor 2. Tipo: Mugs y tazas. Ocasión: Profesiones."
profesiones-pack1-04-profesora-2-234,Profesiones Pack1 04 Profesora 2,Mugs y tazas,Profesiones,Packs profesiones especiales,Diseño,/assets/store/profesiones-pack1-04-profesora-2-234.jpg,"Hola, Creaciones DM. Quiero cotizar este diseño del catálogo: Profesiones Pack1 04 Profesora 2. Tipo: Mugs y tazas. Ocasión: Profesiones."
profesiones-pack1-05-sistemas-2-235,Profesiones Pack1 05 Sistemas 2,Mugs y tazas,Profesiones,Packs profesiones especiales,Diseño,/assets/store/profesiones-pack1-05-sistemas-2-235.jpg,"Hola, Creaciones DM. Quiero cotizar este diseño del catálogo: Profesiones Pack1 05 Sistemas 2. Tipo: Mugs y tazas. Ocasión: Profesiones."
profesiones-pack1-06-sistemas-2-236,Profesiones Pack1 06 Sistemas 2,Mugs y tazas,Profesiones,Packs profesiones especiales,Diseño,/assets/store/profesiones-pack1-06-sistemas-2-236.jpg,"Hola, Creaciones DM. Quiero cotizar este diseño del catálogo: Profesiones Pack1 06 Sistemas 2. Tipo: Mugs y tazas. Ocasión: Profesiones."
profesiones-pack1-07-periodista-2-237,Profesiones Pack1 07 Periodista 2,Mugs y tazas,Profesiones,Packs profesiones especiales,Diseño,/assets/store/profesiones-pack1-07-periodista-2-237.jpg,"Hola, Creaciones DM. Quiero cotizar este diseño del catálogo: Profesiones Pack1 07 Periodista 2. Tipo: Mugs y tazas. Ocasión: Profesiones."
profesiones-pack1-08-periodista-2-238,Profesiones Pack1 08 Periodista 2,Mugs y tazas,Profesiones,Packs profesiones especiales,Diseño,/assets/store/profesiones-pack1-08-periodista-2-238.jpg,"Hola, Creaciones DM. Quiero cotizar este diseño del catálogo: Profesiones Pack1 08 Periodista 2. Tipo: Mugs y tazas. Ocasión: Profesiones."
profesiones-pack1-09-industrial-2-239,Profesiones Pack1 09 Industrial 2,Mugs y tazas,Profesiones,Packs profesiones especiales,Diseño,/assets/store/profesiones-pack1-09-industrial-2-239.jpg,"Hola, Creaciones DM. Quiero cotizar este diseño del catálogo: Profesiones Pack1 09 Industrial 2. Tipo: Mugs y tazas. Ocasión: Profesiones."
profesiones-pack1-10-industrial-2-240,Profesiones Pack1 10 Industrial 2,Mugs y tazas,Profesiones,Packs profesiones especiales,Diseño,/assets/store/profesiones-pack1-10-industrial-2-240.jpg,"Hola, Creaciones DM. Quiero cotizar este diseño del catálogo: Profesiones Pack1 10 Industrial 2. Tipo: Mugs y tazas. Ocasión: Profesiones."
profesiones-pack1-11-secretario-2-241,Profesiones Pack1 11 Secretario 2,Mugs y tazas,Profesiones,Packs profesiones especiales,Diseño,/assets/store/profesiones-pack1-11-secretario-2-241.jpg,"Hola, Creaciones DM. Quiero cotizar este diseño del catálogo: Profesiones Pack1 11 Secretario 2. Tipo: Mugs y tazas. Ocasión: Profesiones."
profesiones-pack1-12-secretaria-2-242,Profesiones Pack1 12 Secretaria 2,Mugs y tazas,Profesiones,Packs profesiones especiales,Diseño,/assets/store/profesiones-pack1-12-secretaria-2-242.jpg,"Hola, Creaciones DM. Quiero cotizar este diseño del catálogo: Profesiones Pack1 12 Secretaria 2. Tipo: Mugs y tazas. Ocasión: Profesiones."
profesiones-pack1-13-contador-2-243,Profesiones Pack1 13 Contador 2,Mugs y tazas,Profesiones,Packs profesiones especiales,Diseño,/assets/store/profesiones-pack1-13-contador-2-243.jpg,"Hola, Creaciones DM. Quiero cotizar este diseño del catálogo: Profesiones Pack1 13 Contador 2. Tipo: Mugs y tazas. Ocasión: Profesiones."
profesiones-pack1-14-contadora-2-244,Profesiones Pack1 14 Contadora 2,Mugs y tazas,Profesiones,Packs profesiones especiales,Diseño,/assets/store/profesiones-pack1-14-contadora-2-244.jpg,"Hola, Creaciones DM. Quiero cotizar este diseño del catálogo: Profesiones Pack1 14 Contadora 2. Tipo: Mugs y tazas. Ocasión: Profesiones."
profesiones-pack1-15-barbero-2-245,Profesiones Pack1 15 Barbero 2,Mugs y tazas,Profesiones,Packs profesiones especiales,Diseño,/assets/store/profesiones-pack1-15-barbero-2-245.jpg,"Hola, Creaciones DM. Quiero cotizar este diseño del catálogo: Profesiones Pack1 15 Barbero 2. Tipo: Mugs y tazas. Ocasión: Profesiones."
profesiones-pack1-16-estilista-2-246,Profesiones Pack1 16 Estilista 2,Mugs y tazas,Profesiones,Packs profesiones especiales,Diseño,/assets/store/profesiones-pack1-16-estilista-2-246.jpg,"Hola, Creaciones DM. Quiero cotizar este diseño del catálogo: Profesiones Pack1 16 Estilista 2. Tipo: Mugs y tazas. Ocasión: Profesiones."
profesiones-pack1-17-futbolista-2-247,Profesiones Pack1 17 Futbolista 2,Mugs y tazas,Profesiones,Packs profesiones especiales,Diseño,/assets/store/profesiones-pack1-17-futbolista-2-247.jpg,"Hola, Creaciones DM. Quiero cotizar este diseño del catálogo: Profesiones Pack1 17 Futbolista 2. Tipo: Mugs y tazas. Ocasión: Profesiones."
profesiones-pack1-18-futbolista-2-248,Profesiones Pack1 18 Futbolista 2,Mugs y tazas,Profesiones,Packs profesiones especiales,Diseño,/assets/store/profesiones-pack1-18-futbolista-2-248.jpg,"Hola, Creaciones DM. Quiero cotizar este diseño del catálogo: Profesiones Pack1 18 Futbolista 2. Tipo: Mugs y tazas. Ocasión: Profesiones."
profesiones-pack1-19-cantante-2-249,Profesiones Pack1 19 CANTANTE 2,Mugs y tazas,Profesiones,Packs profesiones especiales,Diseño,/assets/store/profesiones-pack1-19-cantante-2-249.jpg,"Hola, Creaciones DM. Quiero cotizar este diseño del catálogo: Profesiones Pack1 19 CANTANTE 2. Tipo: Mugs y tazas. Ocasión: Profesiones."
profesiones-pack1-20-cantante-2-250,Profesiones Pack1 20 CANTANTE 2,Mugs y tazas,Profesiones,Packs profesiones especiales,Diseño,/assets/store/profesiones-pack1-20-cantante-2-250.jpg,"Hola, Creaciones DM. Quiero cotizar este diseño del catálogo: Profesiones Pack1 20 CANTANTE 2. Tipo: Mugs y tazas. Ocasión: Profesiones."
profesiones-bombera-2-251,Profesiones BOMBERA 2,Mugs y tazas,Profesiones,Packs profesiones especiales,Diseño,/assets/store/profesiones-bombera-2-251.jpg,"Hola, Creaciones DM. Quiero cotizar este diseño del catálogo: Profesiones BOMBERA 2. Tipo: Mugs y tazas. Ocasión: Profesiones."
profesiones-bombera-252,Profesiones BOMBERA,Mugs y tazas,Profesiones,Packs profesiones especiales,Diseño,/assets/store/profesiones-bombera-252.jpg,"Hola, Creaciones DM. Quiero cotizar este diseño del catálogo: Profesiones BOMBERA. Tipo: Mugs y tazas. Ocasión: Profesiones."
profesiones-bombero-2-253,Profesiones BOMBERO 2,Mugs y tazas,Profesiones,Packs profesiones especiales,Diseño,/assets/store/profesiones-bombero-2-253.jpg,"Hola, Creaciones DM. Quiero cotizar este diseño del catálogo: Profesiones BOMBERO 2. Tipo: Mugs y tazas. Ocasión: Profesiones."
profesiones-bombero-254,Profesiones BOMBERO,Mugs y tazas,Profesiones,Packs profesiones especiales,Diseño,/assets/store/profesiones-bombero-254.jpg,"Hola, Creaciones DM. Quiero cotizar este diseño del catálogo: Profesiones BOMBERO. Tipo: Mugs y tazas. Ocasión: Profesiones."
profesiones-carabinera-2-255,Profesiones Carabinera 2,Mugs y tazas,Profesiones,Packs profesiones especiales,Diseño,/assets/store/profesiones-carabinera-2-255.jpg,"Hola, Creaciones DM. Quiero cotizar este diseño del catálogo: Profesiones Carabinera 2. Tipo: Mugs y tazas. Ocasión: Profesiones."
profesiones-carabinera-256,Profesiones Carabinera,Mugs y tazas,Profesiones,Packs profesiones especiales,Diseño,/assets/store/profesiones-carabinera-256.jpg,"Hola, Creaciones DM. Quiero cotizar este diseño del catálogo: Profesiones Carabinera. Tipo: Mugs y tazas. Ocasión: Profesiones."
profesiones-carabinero-2-257,Profesiones Carabinero 2,Mugs y tazas,Profesiones,Packs profesiones especiales,Diseño,/assets/store/profesiones-carabinero-2-257.jpg,"Hola, Creaciones DM. Quiero cotizar este diseño del catálogo: Profesiones Carabinero 2. Tipo: Mugs y tazas. Ocasión: Profesiones."
profesiones-carabinero-258,Profesiones Carabinero,Mugs y tazas,Profesiones,Packs profesiones especiales,Diseño,/assets/store/profesiones-carabinero-258.jpg,"Hola, Creaciones DM. Quiero cotizar este diseño del catálogo: Profesiones Carabinero. Tipo: Mugs y tazas. Ocasión: Profesiones."
profesiones-pack1-01-doctor-2-259,Profesiones Pack1 01 Doctor 2,Mugs y tazas,Profesiones,Packs profesiones especiales,Diseño,/assets/store/profesiones-pack1-01-doctor-2-259.jpg,"Hola, Creaciones DM. Quiero cotizar este diseño del catálogo: Profesiones Pack1 01 Doctor 2. Tipo: Mugs y tazas. Ocasión: Profesiones."
profesiones-pack1-01-doctor-260,Profesiones Pack1 01 Doctor,Mugs y tazas,Profesiones,Packs profesiones especiales,Diseño,/assets/store/profesiones-pack1-01-doctor-260.jpg,"Hola, Creaciones DM. Quiero cotizar este diseño del catálogo: Profesiones Pack1 01 Doctor. Tipo: Mugs y tazas. Ocasión: Profesiones."
profesiones-pack1-02-doctora-2-261,Profesiones Pack1 02 Doctora 2,Mugs y tazas,Profesiones,Packs profesiones especiales,Diseño,/assets/store/profesiones-pack1-02-doctora-2-261.jpg,"Hola, Creaciones DM. Quiero cotizar este diseño del catálogo: Profesiones Pack1 02 Doctora 2. Tipo: Mugs y tazas. Ocasión: Profesiones."
profesiones-pack1-02-doctora-262,Profesiones Pack1 02 Doctora,Mugs y tazas,Profesiones,Packs profesiones especiales,Diseño,/assets/store/profesiones-pack1-02-doctora-262.jpg,"Hola, Creaciones DM. Quiero cotizar este diseño del catálogo: Profesiones Pack1 02 Doctora. Tipo: Mugs y tazas. Ocasión: Profesiones."
profesiones-pack1-03-profesor-2-263,Profesiones Pack1 03 Profesor 2,Mugs y tazas,Profesiones,Packs profesiones especiales,Diseño,/assets/store/profesiones-pack1-03-profesor-2-263.jpg,"Hola, Creaciones DM. Quiero cotizar este diseño del catálogo: Profesiones Pack1 03 Profesor 2. Tipo: Mugs y tazas. Ocasión: Profesiones."
profesiones-pack1-03-profesor-264,Profesiones Pack1 03 Profesor,Mugs y tazas,Profesiones,Packs profesiones especiales,Diseño,/assets/store/profesiones-pack1-03-profesor-264.jpg,"Hola, Creaciones DM. Quiero cotizar este diseño del catálogo: Profesiones Pack1 03 Profesor. Tipo: Mugs y tazas. Ocasión: Profesiones."
profesiones-pack1-04-profesora-2-265,Profesiones Pack1 04 Profesora 2,Mugs y tazas,Profesiones,Packs profesiones especiales,Diseño,/assets/store/profesiones-pack1-04-profesora-2-265.jpg,"Hola, Creaciones DM. Quiero cotizar este diseño del catálogo: Profesiones Pack1 04 Profesora 2. Tipo: Mugs y tazas. Ocasión: Profesiones."
profesiones-pack1-04-profesora-266,Profesiones Pack1 04 Profesora,Mugs y tazas,Profesiones,Packs profesiones especiales,Diseño,/assets/store/profesiones-pack1-04-profesora-266.jpg,"Hola, Creaciones DM. Quiero cotizar este diseño del catálogo: Profesiones Pack1 04 Profesora. Tipo: Mugs y tazas. Ocasión: Profesiones."
profesiones-pack1-05-sistemas-2-267,Profesiones Pack1 05 Sistemas 2,Mugs y tazas,Profesiones,Packs profesiones especiales,Diseño,/assets/store/profesiones-pack1-05-sistemas-2-267.jpg,"Hola, Creaciones DM. Quiero cotizar este diseño del catálogo: Profesiones Pack1 05 Sistemas 2. Tipo: Mugs y tazas. Ocasión: Profesiones."
profesiones-pack1-05-sistemas-268,Profesiones Pack1 05 Sistemas,Mugs y tazas,Profesiones,Packs profesiones especiales,Diseño,/assets/store/profesiones-pack1-05-sistemas-268.jpg,"Hola, Creaciones DM. Quiero cotizar este diseño del catálogo: Profesiones Pack1 05 Sistemas. Tipo: Mugs y tazas. Ocasión: Profesiones."
profesiones-pack1-06-sistemas-2-269,Profesiones Pack1 06 Sistemas 2,Mugs y tazas,Profesiones,Packs profesiones especiales,Diseño,/assets/store/profesiones-pack1-06-sistemas-2-269.jpg,"Hola, Creaciones DM. Quiero cotizar este diseño del catálogo: Profesiones Pack1 06 Sistemas 2. Tipo: Mugs y tazas. Ocasión: Profesiones."
profesiones-pack1-06-sistemas-270,Profesiones Pack1 06 Sistemas,Mugs y tazas,Profesiones,Packs profesiones especiales,Diseño,/assets/store/profesiones-pack1-06-sistemas-270.jpg,"Hola, Creaciones DM. Quiero cotizar este diseño del catálogo: Profesiones Pack1 06 Sistemas. Tipo: Mugs y tazas. Ocasión: Profesiones."
profesiones-pack1-07-periodista-2-271,Profesiones Pack1 07 Periodista 2,Mugs y tazas,Profesiones,Packs profesiones especiales,Diseño,/assets/store/profesiones-pack1-07-periodista-2-271.jpg,"Hola, Creaciones DM. Quiero cotizar este diseño del catálogo: Profesiones Pack1 07 Periodista 2. Tipo: Mugs y tazas. Ocasión: Profesiones."
profesiones-pack1-07-periodista-272,Profesiones Pack1 07 Periodista,Mugs y tazas,Profesiones,Packs profesiones especiales,Diseño,/assets/store/profesiones-pack1-07-periodista-272.jpg,"Hola, Creaciones DM. Quiero cotizar este diseño del catálogo: Profesiones Pack1 07 Periodista. Tipo: Mugs y tazas. Ocasión: Profesiones."
profesiones-pack1-08-periodista-2-273,Profesiones Pack1 08 Periodista 2,Mugs y tazas,Profesiones,Packs profesiones especiales,Diseño,/assets/store/profesiones-pack1-08-periodista-2-273.jpg,"Hola, Creaciones DM. Quiero cotizar este diseño del catálogo: Profesiones Pack1 08 Periodista 2. Tipo: Mugs y tazas. Ocasión: Profesiones."
profesiones-pack1-08-periodista-274,Profesiones Pack1 08 Periodista,Mugs y tazas,Profesiones,Packs profesiones especiales,Diseño,/assets/store/profesiones-pack1-08-periodista-274.jpg,"Hola, Creaciones DM. Quiero cotizar este diseño del catálogo: Profesiones Pack1 08 Periodista. Tipo: Mugs y tazas. Ocasión: Profesiones."
profesiones-pack1-09-industrial-2-275,Profesiones Pack1 09 Industrial 2,Mugs y tazas,Profesiones,Packs profesiones especiales,Diseño,/assets/store/profesiones-pack1-09-industrial-2-275.jpg,"Hola, Creaciones DM. Quiero cotizar este diseño del catálogo: Profesiones Pack1 09 Industrial 2. Tipo: Mugs y tazas. Ocasión: Profesiones."
profesiones-pack1-09-industrial-276,Profesiones Pack1 09 Industrial,Mugs y tazas,Profesiones,Packs profesiones especiales,Diseño,/assets/store/profesiones-pack1-09-industrial-276.jpg,"Hola, Creaciones DM. Quiero cotizar este diseño del catálogo: Profesiones Pack1 09 Industrial. Tipo: Mugs y tazas. Ocasión: Profesiones."
profesiones-pack1-10-industrial-2-277,Profesiones Pack1 10 Industrial 2,Mugs y tazas,Profesiones,Packs profesiones especiales,Diseño,/assets/store/profesiones-pack1-10-industrial-2-277.jpg,"Hola, Creaciones DM. Quiero cotizar este diseño del catálogo: Profesiones Pack1 10 Industrial 2. Tipo: Mugs y tazas. Ocasión: Profesiones."
profesiones-pack1-10-industrial-278,Profesiones Pack1 10 Industrial,Mugs y tazas,Profesiones,Packs profesiones especiales,Diseño,/assets/store/profesiones-pack1-10-industrial-278.jpg,"Hola, Creaciones DM. Quiero cotizar este diseño del catálogo: Profesiones Pack1 10 Industrial. Tipo: Mugs y tazas. Ocasión: Profesiones."
profesiones-pack1-11-secretario-2-279,Profesiones Pack1 11 Secretario 2,Mugs y tazas,Profesiones,Packs profesiones especiales,Diseño,/assets/store/profesiones-pack1-11-secretario-2-279.jpg,"Hola, Creaciones DM. Quiero cotizar este diseño del catálogo: Profesiones Pack1 11 Secretario 2. Tipo: Mugs y tazas. Ocasión: Profesiones."
profesiones-pack1-11-secretario-280,Profesiones Pack1 11 Secretario,Mugs y tazas,Profesiones,Packs profesiones especiales,Diseño,/assets/store/profesiones-pack1-11-secretario-280.jpg,"Hola, Creaciones DM. Quiero cotizar este diseño del catálogo: Profesiones Pack1 11 Secretario. Tipo: Mugs y tazas. Ocasión: Profesiones."
profesiones-pack1-12-secretaria-2-281,Profesiones Pack1 12 Secretaria 2,Mugs y tazas,Profesiones,Packs profesiones especiales,Diseño,/assets/store/profesiones-pack1-12-secretaria-2-281.jpg,"Hola, Creaciones DM. Quiero cotizar este diseño del catálogo: Profesiones Pack1 12 Secretaria 2. Tipo: Mugs y tazas. Ocasión: Profesiones."
profesiones-pack1-12-secretaria-282,Profesiones Pack1 12 Secretaria,Mugs y tazas,Profesiones,Packs profesiones especiales,Diseño,/assets/store/profesiones-pack1-12-secretaria-282.jpg,"Hola, Creaciones DM. Quiero cotizar este diseño del catálogo: Profesiones Pack1 12 Secretaria. Tipo: Mugs y tazas. Ocasión: Profesiones."
profesiones-pack1-13-contador-2-283,Profesiones Pack1 13 Contador 2,Mugs y tazas,Profesiones,Packs profesiones especiales,Diseño,/assets/store/profesiones-pack1-13-contador-2-283.jpg,"Hola, Creaciones DM. Quiero cotizar este diseño del catálogo: Profesiones Pack1 13 Contador 2. Tipo: Mugs y tazas. Ocasión: Profesiones."
profesiones-pack1-13-contador-284,Profesiones Pack1 13 Contador,Mugs y tazas,Profesiones,Packs profesiones especiales,Diseño,/assets/store/profesiones-pack1-13-contador-284.jpg,"Hola, Creaciones DM. Quiero cotizar este diseño del catálogo: Profesiones Pack1 13 Contador. Tipo: Mugs y tazas. Ocasión: Profesiones."
profesiones-pack1-14-contadora-2-285,Profesiones Pack1 14 Contadora 2,Mugs y tazas,Profesiones,Packs profesiones especiales,Diseño,/assets/store/profesiones-pack1-14-contadora-2-285.jpg,"Hola, Creaciones DM. Quiero cotizar este diseño del catálogo: Profesiones Pack1 14 Contadora 2. Tipo: Mugs y tazas. Ocasión: Profesiones."
profesiones-pack1-14-contadora-286,Profesiones Pack1 14 Contadora,Mugs y tazas,Profesiones,Packs profesiones especiales,Diseño,/assets/store/profesiones-pack1-14-contadora-286.jpg,"Hola, Creaciones DM. Quiero cotizar este diseño del catálogo: Profesiones Pack1 14 Contadora. Tipo: Mugs y tazas. Ocasión: Profesiones."
profesiones-pack1-15-barbero-2-287,Profesiones Pack1 15 Barbero 2,Mugs y tazas,Profesiones,Packs profesiones especiales,Diseño,/assets/store/profesiones-pack1-15-barbero-2-287.jpg,"Hola, Creaciones DM. Quiero cotizar este diseño del catálogo: Profesiones Pack1 15 Barbero 2. Tipo: Mugs y tazas. Ocasión: Profesiones."
profesiones-pack1-15-barbero-288,Profesiones Pack1 15 Barbero,Mugs y tazas,Profesiones,Packs profesiones especiales,Diseño,/assets/store/profesiones-pack1-15-barbero-288.jpg,"Hola, Creaciones DM. Quiero cotizar este diseño del catálogo: Profesiones Pack1 15 Barbero. Tipo: Mugs y tazas. Ocasión: Profesiones."
profesiones-pack1-16-estilista-2-289,Profesiones Pack1 16 Estilista 2,Mugs y tazas,Profesiones,Packs profesiones especiales,Diseño,/assets/store/profesiones-pack1-16-estilista-2-289.jpg,"Hola, Creaciones DM. Quiero cotizar este diseño del catálogo: Profesiones Pack1 16 Estilista 2. Tipo: Mugs y tazas. Ocasión: Profesiones."
profesiones-pack1-16-estilista-290,Profesiones Pack1 16 Estilista,Mugs y tazas,Profesiones,Packs profesiones especiales,Diseño,/assets/store/profesiones-pack1-16-estilista-290.jpg,"Hola, Creaciones DM. Quiero cotizar este diseño del catálogo: Profesiones Pack1 16 Estilista. Tipo: Mugs y tazas. Ocasión: Profesiones."
profesiones-pack1-17-futbolista-2-291,Profesiones Pack1 17 Futbolista 2,Mugs y tazas,Profesiones,Packs profesiones especiales,Diseño,/assets/store/profesiones-pack1-17-futbolista-2-291.jpg,"Hola, Creaciones DM. Quiero cotizar este diseño del catálogo: Profesiones Pack1 17 Futbolista 2. Tipo: Mugs y tazas. Ocasión: Profesiones."
profesiones-pack1-17-futbolista-292,Profesiones Pack1 17 Futbolista,Mugs y tazas,Profesiones,Packs profesiones especiales,Diseño,/assets/store/profesiones-pack1-17-futbolista-292.jpg,"Hola, Creaciones DM. Quiero cotizar este diseño del catálogo: Profesiones Pack1 17 Futbolista. Tipo: Mugs y tazas. Ocasión: Profesiones."
profesiones-pack1-18-futbolista-2-293,Profesiones Pack1 18 Futbolista 2,Mugs y tazas,Profesiones,Packs profesiones especiales,Diseño,/assets/store/profesiones-pack1-18-futbolista-2-293.jpg,"Hola, Creaciones DM. Quiero cotizar este diseño del catálogo: Profesiones Pack1 18 Futbolista 2. Tipo: Mugs y tazas. Ocasión: Profesiones."
profesiones-pack1-18-futbolista-294,Profesiones Pack1 18 Futbolista,Mugs y tazas,Profesiones,Packs profesiones especiales,Diseño,/assets/store/profesiones-pack1-18-futbolista-294.jpg,"Hola, Creaciones DM. Quiero cotizar este diseño del catálogo: Profesiones Pack1 18 Futbolista. Tipo: Mugs y tazas. Ocasión: Profesiones."
profesiones-pack1-19-cantante-2-295,Profesiones Pack1 19 CANTANTE 2,Mugs y tazas,Profesiones,Packs profesiones especiales,Diseño,/assets/store/profesiones-pack1-19-cantante-2-295.jpg,"Hola, Creaciones DM. Quiero cotizar este diseño del catálogo: Profesiones Pack1 19 CANTANTE 2. Tipo: Mugs y tazas. Ocasión: Profesiones."
profesiones-pack1-19-cantante-296,Profesiones Pack1 19 CANTANTE,Mugs y tazas,Profesiones,Packs profesiones especiales,Diseño,/assets/store/profesiones-pack1-19-cantante-296.jpg,"Hola, Creaciones DM. Quiero cotizar este diseño del catálogo: Profesiones Pack1 19 CANTANTE. Tipo: Mugs y tazas. Ocasión: Profesiones."
profesiones-pack1-20-cantante-2-297,Profesiones Pack1 20 CANTANTE 2,Mugs y tazas,Profesiones,Packs profesiones especiales,Diseño,/assets/store/profesiones-pack1-20-cantante-2-297.jpg,"Hola, Creaciones DM. Quiero cotizar este diseño del catálogo: Profesiones Pack1 20 CANTANTE 2. Tipo: Mugs y tazas. Ocasión: Profesiones."
profesiones-pack1-20-cantante-298,Profesiones Pack1 20 CANTANTE,Mugs y tazas,Profesiones,Packs profesiones especiales,Diseño,/assets/store/profesiones-pack1-20-cantante-298.jpg,"Hola, Creaciones DM. Quiero cotizar este diseño del catálogo: Profesiones Pack1 20 CANTANTE. Tipo: Mugs y tazas. Ocasión: Profesiones."
profesiones-pack2-01-novio-2-299,Profesiones Pack2 01 Novio 2,Mugs y tazas,Profesiones,Packs profesiones especiales,Diseño,/assets/store/profesiones-pack2-01-novio-2-299.jpg,"Hola, Creaciones DM. Quiero cotizar este diseño del catálogo: Profesiones Pack2 01 Novio 2. Tipo: Mugs y tazas. Ocasión: Profesiones."
profesiones-pack2-01-novio-300,Profesiones Pack2 01 Novio,Mugs y tazas,Profesiones,Packs profesiones especiales,Diseño,/assets/store/profesiones-pack2-01-novio-300.jpg,"Hola, Creaciones DM. Quiero cotizar este diseño del catálogo: Profesiones Pack2 01 Novio. Tipo: Mugs y tazas. Ocasión: Profesiones."
profesiones-pack2-02-novia-2-301,Profesiones Pack2 02 Novia 2,Mugs y tazas,Profesiones,Packs profesiones especiales,Diseño,/assets/store/profesiones-pack2-02-novia-2-301.jpg,"Hola, Creaciones DM. Quiero cotizar este diseño del catálogo: Profesiones Pack2 02 Novia 2. Tipo: Mugs y tazas. Ocasión: Profesiones."
profesiones-pack2-02-novia-302,Profesiones Pack2 02 Novia,Mugs y tazas,Profesiones,Packs profesiones especiales,Diseño,/assets/store/profesiones-pack2-02-novia-302.jpg,"Hola, Creaciones DM. Quiero cotizar este diseño del catálogo: Profesiones Pack2 02 Novia. Tipo: Mugs y tazas. Ocasión: Profesiones."
profesiones-pack2-03-gendarmeria-2-303,Profesiones Pack2 03 GENDARMERIA 2,Mugs y tazas,Profesiones,Packs profesiones especiales,Diseño,/assets/store/profesiones-pack2-03-gendarmeria-2-303.jpg,"Hola, Creaciones DM. Quiero cotizar este diseño del catálogo: Profesiones Pack2 03 GENDARMERIA 2. Tipo: Mugs y tazas. Ocasión: Profesiones."
profesiones-pack2-03-gendarmeria-304,Profesiones Pack2 03 GENDARMERIA,Mugs y tazas,Profesiones,Packs profesiones especiales,Diseño,/assets/store/profesiones-pack2-03-gendarmeria-304.jpg,"Hola, Creaciones DM. Quiero cotizar este diseño del catálogo: Profesiones Pack2 03 GENDARMERIA. Tipo: Mugs y tazas. Ocasión: Profesiones."
profesiones-pack2-04-gendarmeria-2-305,Profesiones Pack2 04 GENDARMERIA 2,Mugs y tazas,Profesiones,Packs profesiones especiales,Diseño,/assets/store/profesiones-pack2-04-gendarmeria-2-305.jpg,"Hola, Creaciones DM. Quiero cotizar este diseño del catálogo: Profesiones Pack2 04 GENDARMERIA 2. Tipo: Mugs y tazas. Ocasión: Profesiones."
profesiones-pack2-04-gendarmeria-306,Profesiones Pack2 04 GENDARMERIA,Mugs y tazas,Profesiones,Packs profesiones especiales,Diseño,/assets/store/profesiones-pack2-04-gendarmeria-306.jpg,"Hola, Creaciones DM. Quiero cotizar este diseño del catálogo: Profesiones Pack2 04 GENDARMERIA. Tipo: Mugs y tazas. Ocasión: Profesiones."
profesiones-pack2-05-electronico-2-307,Profesiones Pack2 05 Electronico 2,Mugs y tazas,Profesiones,Packs profesiones especiales,Diseño,/assets/store/profesiones-pack2-05-electronico-2-307.jpg,"Hola, Creaciones DM. Quiero cotizar este diseño del catálogo: Profesiones Pack2 05 Electronico 2. Tipo: Mugs y tazas. Ocasión: Profesiones."
profesiones-pack2-05-electronico-308,Profesiones Pack2 05 Electronico,Mugs y tazas,Profesiones,Packs profesiones especiales,Diseño,/assets/store/profesiones-pack2-05-electronico-308.jpg,"Hola, Creaciones DM. Quiero cotizar este diseño del catálogo: Profesiones Pack2 05 Electronico. Tipo: Mugs y tazas. Ocasión: Profesiones."
profesiones-pack2-05-ingeniero-civil-2-309,Profesiones Pack2 05 INGENIERO CIVIL 2,Mugs y tazas,Profesiones,Packs profesiones especiales,Diseño,/assets/store/profesiones-pack2-05-ingeniero-civil-2-309.jpg,"Hola, Creaciones DM. Quiero cotizar este diseño del catálogo: Profesiones Pack2 05 INGENIERO CIVIL 2. Tipo: Mugs y tazas. Ocasión: Profesiones."
profesiones-pack2-06-electronico-2-310,Profesiones Pack2 06 Electronico 2,Mugs y tazas,Profesiones,Packs profesiones especiales,Diseño,/assets/store/profesiones-pack2-06-electronico-2-310.jpg,"Hola, Creaciones DM. Quiero cotizar este diseño del catálogo: Profesiones Pack2 06 Electronico 2. Tipo: Mugs y tazas. Ocasión: Profesiones."
profesiones-pack2-06-electronico-311,Profesiones Pack2 06 Electronico,Mugs y tazas,Profesiones,Packs profesiones especiales,Diseño,/assets/store/profesiones-pack2-06-electronico-311.jpg,"Hola, Creaciones DM. Quiero cotizar este diseño del catálogo: Profesiones Pack2 06 Electronico. Tipo: Mugs y tazas. Ocasión: Profesiones."
profesiones-pack2-07-enfermero-2-312,Profesiones Pack2 07 Enfermero 2,Mugs y tazas,Profesiones,Packs profesiones especiales,Diseño,/assets/store/profesiones-pack2-07-enfermero-2-312.jpg,"Hola, Creaciones DM. Quiero cotizar este diseño del catálogo: Profesiones Pack2 07 Enfermero 2. Tipo: Mugs y tazas. Ocasión: Profesiones."
profesiones-pack2-07-enfermero-313,Profesiones Pack2 07 Enfermero,Mugs y tazas,Profesiones,Packs profesiones especiales,Diseño,/assets/store/profesiones-pack2-07-enfermero-313.jpg,"Hola, Creaciones DM. Quiero cotizar este diseño del catálogo: Profesiones Pack2 07 Enfermero. Tipo: Mugs y tazas. Ocasión: Profesiones."
profesiones-pack2-08-enfermera-2-314,Profesiones Pack2 08 Enfermera 2,Mugs y tazas,Profesiones,Packs profesiones especiales,Diseño,/assets/store/profesiones-pack2-08-enfermera-2-314.jpg,"Hola, Creaciones DM. Quiero cotizar este diseño del catálogo: Profesiones Pack2 08 Enfermera 2. Tipo: Mugs y tazas. Ocasión: Profesiones."
profesiones-pack2-08-enfermera-315,Profesiones Pack2 08 Enfermera,Mugs y tazas,Profesiones,Packs profesiones especiales,Diseño,/assets/store/profesiones-pack2-08-enfermera-315.jpg,"Hola, Creaciones DM. Quiero cotizar este diseño del catálogo: Profesiones Pack2 08 Enfermera. Tipo: Mugs y tazas. Ocasión: Profesiones."
profesiones-pack2-09-mecanico-2-316,Profesiones Pack2 09 Mecanico 2,Mugs y tazas,Profesiones,Packs profesiones especiales,Diseño,/assets/store/profesiones-pack2-09-mecanico-2-316.jpg,"Hola, Creaciones DM. Quiero cotizar este diseño del catálogo: Profesiones Pack2 09 Mecanico 2. Tipo: Mugs y tazas. Ocasión: Profesiones."
profesiones-pack2-09-mecanico-317,Profesiones Pack2 09 Mecanico,Mugs y tazas,Profesiones,Packs profesiones especiales,Diseño,/assets/store/profesiones-pack2-09-mecanico-317.jpg,"Hola, Creaciones DM. Quiero cotizar este diseño del catálogo: Profesiones Pack2 09 Mecanico. Tipo: Mugs y tazas. Ocasión: Profesiones."
profesiones-pack2-10-manicurista-2-318,Profesiones Pack2 10 Manicurista 2,Mugs y tazas,Profesiones,Packs profesiones especiales,Diseño,/assets/store/profesiones-pack2-10-manicurista-2-318.jpg,"Hola, Creaciones DM. Quiero cotizar este diseño del catálogo: Profesiones Pack2 10 Manicurista 2. Tipo: Mugs y tazas. Ocasión: Profesiones."
profesiones-pack2-10-manicurista-319,Profesiones Pack2 10 Manicurista,Mugs y tazas,Profesiones,Packs profesiones especiales,Diseño,/assets/store/profesiones-pack2-10-manicurista-319.jpg,"Hola, Creaciones DM. Quiero cotizar este diseño del catálogo: Profesiones Pack2 10 Manicurista. Tipo: Mugs y tazas. Ocasión: Profesiones."
profesiones-pack2-11-ing-quimico-2-320,Profesiones Pack2 11 Ing Quimico 2,Mugs y tazas,Profesiones,Packs profesiones especiales,Diseño,/assets/store/profesiones-pack2-11-ing-quimico-2-320.jpg,"Hola, Creaciones DM. Quiero cotizar este diseño del catálogo: Profesiones Pack2 11 Ing Quimico 2. Tipo: Mugs y tazas. Ocasión: Profesiones."
profesiones-pack2-11-ing-quimico-321,Profesiones Pack2 11 Ing Quimico,Mugs y tazas,Profesiones,Packs profesiones especiales,Diseño,/assets/store/profesiones-pack2-11-ing-quimico-321.jpg,"Hola, Creaciones DM. Quiero cotizar este diseño del catálogo: Profesiones Pack2 11 Ing Quimico. Tipo: Mugs y tazas. Ocasión: Profesiones."
profesiones-pack2-12-ing-quimico-2-322,Profesiones Pack2 12 Ing Quimico 2,Mugs y tazas,Profesiones,Packs profesiones especiales,Diseño,/assets/store/profesiones-pack2-12-ing-quimico-2-322.jpg,"Hola, Creaciones DM. Quiero cotizar este diseño del catálogo: Profesiones Pack2 12 Ing Quimico 2. Tipo: Mugs y tazas. Ocasión: Profesiones."
profesiones-pack2-12-ing-quimico-323,Profesiones Pack2 12 Ing Quimico,Mugs y tazas,Profesiones,Packs profesiones especiales,Diseño,/assets/store/profesiones-pack2-12-ing-quimico-323.jpg,"Hola, Creaciones DM. Quiero cotizar este diseño del catálogo: Profesiones Pack2 12 Ing Quimico. Tipo: Mugs y tazas. Ocasión: Profesiones."
profesiones-pack2-13-administrador-2-324,Profesiones Pack2 13 Administrador 2,Mugs y tazas,Profesiones,Packs profesiones especiales,Diseño,/assets/store/profesiones-pack2-13-administrador-2-324.jpg,"Hola, Creaciones DM. Quiero cotizar este diseño del catálogo: Profesiones Pack2 13 Administrador 2. Tipo: Mugs y tazas. Ocasión: Profesiones."
profesiones-pack2-13-administrador-325,Profesiones Pack2 13 Administrador,Mugs y tazas,Profesiones,Packs profesiones especiales,Diseño,/assets/store/profesiones-pack2-13-administrador-325.jpg,"Hola, Creaciones DM. Quiero cotizar este diseño del catálogo: Profesiones Pack2 13 Administrador. Tipo: Mugs y tazas. Ocasión: Profesiones."
profesiones-pack2-13-ingeniero-comercial-2-326,Profesiones Pack2 13 INGENIERO COMERCIAL 2,Mugs y tazas,Profesiones,Packs profesiones especiales,Diseño,/assets/store/profesiones-pack2-13-ingeniero-comercial-2-326.jpg,"Hola, Creaciones DM. Quiero cotizar este diseño del catálogo: Profesiones Pack2 13 INGENIERO COMERCIAL 2. Tipo: Mugs y tazas. Ocasión: Profesiones."
profesiones-pack2-14-administrador-2-327,Profesiones Pack2 14 Administrador 2,Mugs y tazas,Profesiones,Packs profesiones especiales,Diseño,/assets/store/profesiones-pack2-14-administrador-2-327.jpg,"Hola, Creaciones DM. Quiero cotizar este diseño del catálogo: Profesiones Pack2 14 Administrador 2. Tipo: Mugs y tazas. Ocasión: Profesiones."
profesiones-pack2-14-administrador-328,Profesiones Pack2 14 Administrador,Mugs y tazas,Profesiones,Packs profesiones especiales,Diseño,/assets/store/profesiones-pack2-14-administrador-328.jpg,"Hola, Creaciones DM. Quiero cotizar este diseño del catálogo: Profesiones Pack2 14 Administrador. Tipo: Mugs y tazas. Ocasión: Profesiones."
profesiones-pack2-15-chef-2-329,Profesiones Pack2 15 Chef 2,Mugs y tazas,Profesiones,Packs profesiones especiales,Diseño,/assets/store/profesiones-pack2-15-chef-2-329.jpg,"Hola, Creaciones DM. Quiero cotizar este diseño del catálogo: Profesiones Pack2 15 Chef 2. Tipo: Mugs y tazas. Ocasión: Profesiones."
profesiones-pack2-15-chef-330,Profesiones Pack2 15 Chef,Mugs y tazas,Profesiones,Packs profesiones especiales,Diseño,/assets/store/profesiones-pack2-15-chef-330.jpg,"Hola, Creaciones DM. Quiero cotizar este diseño del catálogo: Profesiones Pack2 15 Chef. Tipo: Mugs y tazas. Ocasión: Profesiones."
profesiones-pack2-15-masterchef-331,Profesiones Pack2 15 MASTERCHEF,Mugs y tazas,Profesiones,Packs profesiones especiales,Diseño,/assets/store/profesiones-pack2-15-masterchef-331.jpg,"Hola, Creaciones DM. Quiero cotizar este diseño del catálogo: Profesiones Pack2 15 MASTERCHEF. Tipo: Mugs y tazas. Ocasión: Profesiones."
profesiones-pack2-16-chef-2-332,Profesiones Pack2 16 Chef 2,Mugs y tazas,Profesiones,Packs profesiones especiales,Diseño,/assets/store/profesiones-pack2-16-chef-2-332.jpg,"Hola, Creaciones DM. Quiero cotizar este diseño del catálogo: Profesiones Pack2 16 Chef 2. Tipo: Mugs y tazas. Ocasión: Profesiones."
profesiones-pack2-16-chef-333,Profesiones Pack2 16 Chef,Mugs y tazas,Profesiones,Packs profesiones especiales,Diseño,/assets/store/profesiones-pack2-16-chef-333.jpg,"Hola, Creaciones DM. Quiero cotizar este diseño del catálogo: Profesiones Pack2 16 Chef. Tipo: Mugs y tazas. Ocasión: Profesiones."
profesiones-pack2-17-abogado-2-334,Profesiones Pack2 17 Abogado 2,Mugs y tazas,Profesiones,Packs profesiones especiales,Diseño,/assets/store/profesiones-pack2-17-abogado-2-334.jpg,"Hola, Creaciones DM. Quiero cotizar este diseño del catálogo: Profesiones Pack2 17 Abogado 2. Tipo: Mugs y tazas. Ocasión: Profesiones."
profesiones-pack2-17-abogado-335,Profesiones Pack2 17 Abogado,Mugs y tazas,Profesiones,Packs profesiones especiales,Diseño,/assets/store/profesiones-pack2-17-abogado-335.jpg,"Hola, Creaciones DM. Quiero cotizar este diseño del catálogo: Profesiones Pack2 17 Abogado. Tipo: Mugs y tazas. Ocasión: Profesiones."
profesiones-pack2-18-abogada-2-336,Profesiones Pack2 18 AbogadA 2,Mugs y tazas,Profesiones,Packs profesiones especiales,Diseño,/assets/store/profesiones-pack2-18-abogada-2-336.jpg,"Hola, Creaciones DM. Quiero cotizar este diseño del catálogo: Profesiones Pack2 18 AbogadA 2. Tipo: Mugs y tazas. Ocasión: Profesiones."
profesiones-pack2-18-abogada-337,Profesiones Pack2 18 AbogadA,Mugs y tazas,Profesiones,Packs profesiones especiales,Diseño,/assets/store/profesiones-pack2-18-abogada-337.jpg,"Hola, Creaciones DM. Quiero cotizar este diseño del catálogo: Profesiones Pack2 18 AbogadA. Tipo: Mugs y tazas. Ocasión: Profesiones."
profesiones-pack2-19-esposo-2-338,Profesiones Pack2 19 Esposo 2,Mugs y tazas,Profesiones,Packs profesiones especiales,Diseño,/assets/store/profesiones-pack2-19-esposo-2-338.jpg,"Hola, Creaciones DM. Quiero cotizar este diseño del catálogo: Profesiones Pack2 19 Esposo 2. Tipo: Mugs y tazas. Ocasión: Profesiones."
profesiones-pack2-19-esposo-339,Profesiones Pack2 19 Esposo,Mugs y tazas,Profesiones,Packs profesiones especiales,Diseño,/assets/store/profesiones-pack2-19-esposo-339.jpg,"Hola, Creaciones DM. Quiero cotizar este diseño del catálogo: Profesiones Pack2 19 Esposo. Tipo: Mugs y tazas. Ocasión: Profesiones."
profesiones-pack2-20-esposa-2-340,Profesiones Pack2 20 Esposa 2,Mugs y tazas,Profesiones,Packs profesiones especiales,Diseño,/assets/store/profesiones-pack2-20-esposa-2-340.jpg,"Hola, Creaciones DM. Quiero cotizar este diseño del catálogo: Profesiones Pack2 20 Esposa 2. Tipo: Mugs y tazas. Ocasión: Profesiones."
profesiones-pack2-20-esposa-341,Profesiones Pack2 20 Esposa,Mugs y tazas,Profesiones,Packs profesiones especiales,Diseño,/assets/store/profesiones-pack2-20-esposa-341.jpg,"Hola, Creaciones DM. Quiero cotizar este diseño del catálogo: Profesiones Pack2 20 Esposa. Tipo: Mugs y tazas. Ocasión: Profesiones."
profesiones-pack3-01-telecomunion-2-342,Profesiones Pack3 01 Telecomunión 2,Mugs y tazas,Profesiones,Packs profesiones especiales,Diseño,/assets/store/profesiones-pack3-01-telecomunion-2-342.jpg,"Hola, Creaciones DM. Quiero cotizar este diseño del catálogo: Profesiones Pack3 01 Telecomunión 2. Tipo: Mugs y tazas. Ocasión: Profesiones."
profesiones-pack3-01-telecomunion-343,Profesiones Pack3 01 Telecomunión,Mugs y tazas,Profesiones,Packs profesiones especiales,Diseño,/assets/store/profesiones-pack3-01-telecomunion-343.jpg,"Hola, Creaciones DM. Quiero cotizar este diseño del catálogo: Profesiones Pack3 01 Telecomunión. Tipo: Mugs y tazas. Ocasión: Profesiones."
profesiones-pack3-02-telecomunion-2-344,Profesiones Pack3 02 Telecomunión 2,Mugs y tazas,Profesiones,Packs profesiones especiales,Diseño,/assets/store/profesiones-pack3-02-telecomunion-2-344.jpg,"Hola, Creaciones DM. Quiero cotizar este diseño del catálogo: Profesiones Pack3 02 Telecomunión 2. Tipo: Mugs y tazas. Ocasión: Profesiones."
profesiones-pack3-02-telecomunion-345,Profesiones Pack3 02 Telecomunión,Mugs y tazas,Profesiones,Packs profesiones especiales,Diseño,/assets/store/profesiones-pack3-02-telecomunion-345.jpg,"Hola, Creaciones DM. Quiero cotizar este diseño del catálogo: Profesiones Pack3 02 Telecomunión. Tipo: Mugs y tazas. Ocasión: Profesiones."
profesiones-pack3-03-veterinario-2-346,Profesiones Pack3 03 Veterinario 2,Mugs y tazas,Profesiones,Packs profesiones especiales,Diseño,/assets/store/profesiones-pack3-03-veterinario-2-346.jpg,"Hola, Creaciones DM. Quiero cotizar este diseño del catálogo: Profesiones Pack3 03 Veterinario 2. Tipo: Mugs y tazas. Ocasión: Profesiones."
profesiones-pack3-03-veterinario-347,Profesiones Pack3 03 Veterinario,Mugs y tazas,Profesiones,Packs profesiones especiales,Diseño,/assets/store/profesiones-pack3-03-veterinario-347.jpg,"Hola, Creaciones DM. Quiero cotizar este diseño del catálogo: Profesiones Pack3 03 Veterinario. Tipo: Mugs y tazas. Ocasión: Profesiones."
profesiones-pack3-04-veterinario-2-348,Profesiones Pack3 04 Veterinario 2,Mugs y tazas,Profesiones,Packs profesiones especiales,Diseño,/assets/store/profesiones-pack3-04-veterinario-2-348.jpg,"Hola, Creaciones DM. Quiero cotizar este diseño del catálogo: Profesiones Pack3 04 Veterinario 2. Tipo: Mugs y tazas. Ocasión: Profesiones."
profesiones-pack3-04-veterinario-349,Profesiones Pack3 04 Veterinario,Mugs y tazas,Profesiones,Packs profesiones especiales,Diseño,/assets/store/profesiones-pack3-04-veterinario-349.jpg,"Hola, Creaciones DM. Quiero cotizar este diseño del catálogo: Profesiones Pack3 04 Veterinario. Tipo: Mugs y tazas. Ocasión: Profesiones."
profesiones-pack3-05-odontologo-2-350,Profesiones Pack3 05 ODONTOLOGO 2,Mugs y tazas,Profesiones,Packs profesiones especiales,Diseño,/assets/store/profesiones-pack3-05-odontologo-2-350.jpg,"Hola, Creaciones DM. Quiero cotizar este diseño del catálogo: Profesiones Pack3 05 ODONTOLOGO 2. Tipo: Mugs y tazas. Ocasión: Profesiones."
profesiones-pack3-05-odontologo-351,Profesiones Pack3 05 ODONTOLOGO,Mugs y tazas,Profesiones,Packs profesiones especiales,Diseño,/assets/store/profesiones-pack3-05-odontologo-351.jpg,"Hola, Creaciones DM. Quiero cotizar este diseño del catálogo: Profesiones Pack3 05 ODONTOLOGO. Tipo: Mugs y tazas. Ocasión: Profesiones."
profesiones-pack3-06-odontologo-2-352,Profesiones Pack3 06 ODONTOLOGO 2,Mugs y tazas,Profesiones,Packs profesiones especiales,Diseño,/assets/store/profesiones-pack3-06-odontologo-2-352.jpg,"Hola, Creaciones DM. Quiero cotizar este diseño del catálogo: Profesiones Pack3 06 ODONTOLOGO 2. Tipo: Mugs y tazas. Ocasión: Profesiones."
profesiones-pack3-06-odontologo-353,Profesiones Pack3 06 ODONTOLOGO,Mugs y tazas,Profesiones,Packs profesiones especiales,Diseño,/assets/store/profesiones-pack3-06-odontologo-353.jpg,"Hola, Creaciones DM. Quiero cotizar este diseño del catálogo: Profesiones Pack3 06 ODONTOLOGO. Tipo: Mugs y tazas. Ocasión: Profesiones."
profesiones-pack3-07-boda-2-354,Profesiones Pack3 07 BODA 2,Mugs y tazas,Profesiones,Packs profesiones especiales,Diseño,/assets/store/profesiones-pack3-07-boda-2-354.jpg,"Hola, Creaciones DM. Quiero cotizar este diseño del catálogo: Profesiones Pack3 07 BODA 2. Tipo: Mugs y tazas. Ocasión: Profesiones."
profesiones-pack3-07-boda-355,Profesiones Pack3 07 BODA,Mugs y tazas,Profesiones,Packs profesiones especiales,Diseño,/assets/store/profesiones-pack3-07-boda-355.jpg,"Hola, Creaciones DM. Quiero cotizar este diseño del catálogo: Profesiones Pack3 07 BODA. Tipo: Mugs y tazas. Ocasión: Profesiones."
profesiones-pack3-08-boda-2-356,Profesiones Pack3 08 BODA 2,Mugs y tazas,Profesiones,Packs profesiones especiales,Diseño,/assets/store/profesiones-pack3-08-boda-2-356.jpg,"Hola, Creaciones DM. Quiero cotizar este diseño del catálogo: Profesiones Pack3 08 BODA 2. Tipo: Mugs y tazas. Ocasión: Profesiones."
profesiones-pack3-08-boda-357,Profesiones Pack3 08 BODA,Mugs y tazas,Profesiones,Packs profesiones especiales,Diseño,/assets/store/profesiones-pack3-08-boda-357.jpg,"Hola, Creaciones DM. Quiero cotizar este diseño del catálogo: Profesiones Pack3 08 BODA. Tipo: Mugs y tazas. Ocasión: Profesiones."
profesiones-pack3-09-ambiental-2-358,Profesiones Pack3 09 Ambiental 2,Mugs y tazas,Profesiones,Packs profesiones especiales,Diseño,/assets/store/profesiones-pack3-09-ambiental-2-358.jpg,"Hola, Creaciones DM. Quiero cotizar este diseño del catálogo: Profesiones Pack3 09 Ambiental 2. Tipo: Mugs y tazas. Ocasión: Profesiones."
profesiones-pack3-09-ambiental-359,Profesiones Pack3 09 Ambiental,Mugs y tazas,Profesiones,Packs profesiones especiales,Diseño,/assets/store/profesiones-pack3-09-ambiental-359.jpg,"Hola, Creaciones DM. Quiero cotizar este diseño del catálogo: Profesiones Pack3 09 Ambiental. Tipo: Mugs y tazas. Ocasión: Profesiones."
profesiones-pack3-10-ambiental-2-360,Profesiones Pack3 10 Ambiental 2,Mugs y tazas,Profesiones,Packs profesiones especiales,Diseño,/assets/store/profesiones-pack3-10-ambiental-2-360.jpg,"Hola, Creaciones DM. Quiero cotizar este diseño del catálogo: Profesiones Pack3 10 Ambiental 2. Tipo: Mugs y tazas. Ocasión: Profesiones."
profesiones-pack3-10-ambiental-361,Profesiones Pack3 10 Ambiental,Mugs y tazas,Profesiones,Packs profesiones especiales,Diseño,/assets/store/profesiones-pack3-10-ambiental-361.jpg,"Hola, Creaciones DM. Quiero cotizar este diseño del catálogo: Profesiones Pack3 10 Ambiental. Tipo: Mugs y tazas. Ocasión: Profesiones."
profesiones-pack3-11-fotografo-2-362,Profesiones Pack3 11 Fotografo 2,Mugs y tazas,Profesiones,Packs profesiones especiales,Diseño,/assets/store/profesiones-pack3-11-fotografo-2-362.jpg,"Hola, Creaciones DM. Quiero cotizar este diseño del catálogo: Profesiones Pack3 11 Fotografo 2. Tipo: Mugs y tazas. Ocasión: Profesiones."
profesiones-pack3-11-fotografo-363,Profesiones Pack3 11 Fotografo,Mugs y tazas,Profesiones,Packs profesiones especiales,Diseño,/assets/store/profesiones-pack3-11-fotografo-363.jpg,"Hola, Creaciones DM. Quiero cotizar este diseño del catálogo: Profesiones Pack3 11 Fotografo. Tipo: Mugs y tazas. Ocasión: Profesiones."
profesiones-pack3-12-fotografo-2-364,Profesiones Pack3 12 Fotografo 2,Mugs y tazas,Profesiones,Packs profesiones especiales,Diseño,/assets/store/profesiones-pack3-12-fotografo-2-364.jpg,"Hola, Creaciones DM. Quiero cotizar este diseño del catálogo: Profesiones Pack3 12 Fotografo 2. Tipo: Mugs y tazas. Ocasión: Profesiones."
profesiones-pack3-12-fotografo-365,Profesiones Pack3 12 Fotografo,Mugs y tazas,Profesiones,Packs profesiones especiales,Diseño,/assets/store/profesiones-pack3-12-fotografo-365.jpg,"Hola, Creaciones DM. Quiero cotizar este diseño del catálogo: Profesiones Pack3 12 Fotografo. Tipo: Mugs y tazas. Ocasión: Profesiones."
profesiones-pack3-13-conductor-2-366,Profesiones Pack3 13 conductor 2,Mugs y tazas,Profesiones,Packs profesiones especiales,Diseño,/assets/store/profesiones-pack3-13-conductor-2-366.jpg,"Hola, Creaciones DM. Quiero cotizar este diseño del catálogo: Profesiones Pack3 13 conductor 2. Tipo: Mugs y tazas. Ocasión: Profesiones."
profesiones-pack3-13-conductor-367,Profesiones Pack3 13 conductor,Mugs y tazas,Profesiones,Packs profesiones especiales,Diseño,/assets/store/profesiones-pack3-13-conductor-367.jpg,"Hola, Creaciones DM. Quiero cotizar este diseño del catálogo: Profesiones Pack3 13 conductor. Tipo: Mugs y tazas. Ocasión: Profesiones."
profesiones-pack3-14-florista-2-368,Profesiones Pack3 14 Florista 2,Mugs y tazas,Profesiones,Packs profesiones especiales,Diseño,/assets/store/profesiones-pack3-14-florista-2-368.jpg,"Hola, Creaciones DM. Quiero cotizar este diseño del catálogo: Profesiones Pack3 14 Florista 2. Tipo: Mugs y tazas. Ocasión: Profesiones."
profesiones-pack3-14-florista-369,Profesiones Pack3 14 Florista,Mugs y tazas,Profesiones,Packs profesiones especiales,Diseño,/assets/store/profesiones-pack3-14-florista-369.jpg,"Hola, Creaciones DM. Quiero cotizar este diseño del catálogo: Profesiones Pack3 14 Florista. Tipo: Mugs y tazas. Ocasión: Profesiones."
profesiones-pack3-15-disenador-2-370,Profesiones Pack3 15 Diseñador 2,Mugs y tazas,Profesiones,Packs profesiones especiales,Diseño,/assets/store/profesiones-pack3-15-disenador-2-370.jpg,"Hola, Creaciones DM. Quiero cotizar este diseño del catálogo: Profesiones Pack3 15 Diseñador 2. Tipo: Mugs y tazas. Ocasión: Profesiones."
profesiones-pack3-15-disenador-371,Profesiones Pack3 15 Diseñador,Mugs y tazas,Profesiones,Packs profesiones especiales,Diseño,/assets/store/profesiones-pack3-15-disenador-371.jpg,"Hola, Creaciones DM. Quiero cotizar este diseño del catálogo: Profesiones Pack3 15 Diseñador. Tipo: Mugs y tazas. Ocasión: Profesiones."
profesiones-pack3-16-disenadora-2-372,Profesiones Pack3 16 Diseñadora 2,Mugs y tazas,Profesiones,Packs profesiones especiales,Diseño,/assets/store/profesiones-pack3-16-disenadora-2-372.jpg,"Hola, Creaciones DM. Quiero cotizar este diseño del catálogo: Profesiones Pack3 16 Diseñadora 2. Tipo: Mugs y tazas. Ocasión: Profesiones."
profesiones-pack3-16-disenadora-373,Profesiones Pack3 16 Diseñadora,Mugs y tazas,Profesiones,Packs profesiones especiales,Diseño,/assets/store/profesiones-pack3-16-disenadora-373.jpg,"Hola, Creaciones DM. Quiero cotizar este diseño del catálogo: Profesiones Pack3 16 Diseñadora. Tipo: Mugs y tazas. Ocasión: Profesiones."
profesiones-pack3-17-halloween-2-374,Profesiones Pack3 17 Halloween 2,Mugs y tazas,Profesiones,Packs profesiones especiales,Diseño,/assets/store/profesiones-pack3-17-halloween-2-374.jpg,"Hola, Creaciones DM. Quiero cotizar este diseño del catálogo: Profesiones Pack3 17 Halloween 2. Tipo: Mugs y tazas. Ocasión: Profesiones."
profesiones-pack3-17-halloween-375,Profesiones Pack3 17 Halloween,Mugs y tazas,Profesiones,Packs profesiones especiales,Diseño,/assets/store/profesiones-pack3-17-halloween-375.jpg,"Hola, Creaciones DM. Quiero cotizar este diseño del catálogo: Profesiones Pack3 17 Halloween. Tipo: Mugs y tazas. Ocasión: Profesiones."
profesiones-pack3-18-halloween-2-376,Profesiones Pack3 18 Halloween 2,Mugs y tazas,Profesiones,Packs profesiones especiales,Diseño,/assets/store/profesiones-pack3-18-halloween-2-376.jpg,"Hola, Creaciones DM. Quiero cotizar este diseño del catálogo: Profesiones Pack3 18 Halloween 2. Tipo: Mugs y tazas. Ocasión: Profesiones."
profesiones-pack3-18-halloween-377,Profesiones Pack3 18 Halloween,Mugs y tazas,Profesiones,Packs profesiones especiales,Diseño,/assets/store/profesiones-pack3-18-halloween-377.jpg,"Hola, Creaciones DM. Quiero cotizar este diseño del catálogo: Profesiones Pack3 18 Halloween. Tipo: Mugs y tazas. Ocasión: Profesiones."
profesiones-pack3-19-electricista-2-378,Profesiones Pack3 19 Electricista 2,Mugs y tazas,Profesiones,Packs profesiones especiales,Diseño,/assets/store/profesiones-pack3-19-electricista-2-378.jpg,"Hola, Creaciones DM. Quiero cotizar este diseño del catálogo: Profesiones Pack3 19 Electricista 2. Tipo: Mugs y tazas. Ocasión: Profesiones."
profesiones-pack3-19-electricista-379,Profesiones Pack3 19 Electricista,Mugs y tazas,Profesiones,Packs profesiones especiales,Diseño,/assets/store/profesiones-pack3-19-electricista-379.jpg,"Hola, Creaciones DM. Quiero cotizar este diseño del catálogo: Profesiones Pack3 19 Electricista. Tipo: Mugs y tazas. Ocasión: Profesiones."
profesiones-pack3-20-mama-2-380,Profesiones Pack3 20 MAMA 2,Mugs y tazas,Profesiones,Packs profesiones especiales,Diseño,/assets/store/profesiones-pack3-20-mama-2-380.jpg,"Hola, Creaciones DM. Quiero cotizar este diseño del catálogo: Profesiones Pack3 20 MAMA 2. Tipo: Mugs y tazas. Ocasión: Profesiones."
profesiones-pack3-20-mama-381,Profesiones Pack3 20 MAMA,Mugs y tazas,Profesiones,Packs profesiones especiales,Diseño,/assets/store/profesiones-pack3-20-mama-381.jpg,"Hola, Creaciones DM. Quiero cotizar este diseño del catálogo: Profesiones Pack3 20 MAMA. Tipo: Mugs y tazas. Ocasión: Profesiones."
profesiones-pack4-01-psicologo-2-382,Profesiones Pack4 01 Psicologo 2,Mugs y tazas,Profesiones,Packs profesiones especiales,Diseño,/assets/store/profesiones-pack4-01-psicologo-2-382.jpg,"Hola, Creaciones DM. Quiero cotizar este diseño del catálogo: Profesiones Pack4 01 Psicologo 2. Tipo: Mugs y tazas. Ocasión: Profesiones."
profesiones-pack4-01-psicologo-383,Profesiones Pack4 01 Psicologo,Mugs y tazas,Profesiones,Packs profesiones especiales,Diseño,/assets/store/profesiones-pack4-01-psicologo-383.jpg,"Hola, Creaciones DM. Quiero cotizar este diseño del catálogo: Profesiones Pack4 01 Psicologo. Tipo: Mugs y tazas. Ocasión: Profesiones."
profesiones-pack4-02-psicologa-2-384,Profesiones Pack4 02 Psicologa 2,Mugs y tazas,Profesiones,Packs profesiones especiales,Diseño,/assets/store/profesiones-pack4-02-psicologa-2-384.jpg,"Hola, Creaciones DM. Quiero cotizar este diseño del catálogo: Profesiones Pack4 02 Psicologa 2. Tipo: Mugs y tazas. Ocasión: Profesiones."
profesiones-pack4-02-psicologa-385,Profesiones Pack4 02 Psicologa,Mugs y tazas,Profesiones,Packs profesiones especiales,Diseño,/assets/store/profesiones-pack4-02-psicologa-385.jpg,"Hola, Creaciones DM. Quiero cotizar este diseño del catálogo: Profesiones Pack4 02 Psicologa. Tipo: Mugs y tazas. Ocasión: Profesiones."
profesiones-pack4-03-trabajadora-social-2-386,Profesiones Pack4 03 Trabajadora social 2,Mugs y tazas,Profesiones,Packs profesiones especiales,Diseño,/assets/store/profesiones-pack4-03-trabajadora-social-2-386.jpg,"Hola, Creaciones DM. Quiero cotizar este diseño del catálogo: Profesiones Pack4 03 Trabajadora social 2. Tipo: Mugs y tazas. Ocasión: Profesiones."
profesiones-pack4-03-trabajadora-social-387,Profesiones Pack4 03 Trabajadora social,Mugs y tazas,Profesiones,Packs profesiones especiales,Diseño,/assets/store/profesiones-pack4-03-trabajadora-social-387.jpg,"Hola, Creaciones DM. Quiero cotizar este diseño del catálogo: Profesiones Pack4 03 Trabajadora social. Tipo: Mugs y tazas. Ocasión: Profesiones."
profesiones-pack4-04-trabajador-social-2-388,Profesiones Pack4 04 Trabajador social 2,Mugs y tazas,Profesiones,Packs profesiones especiales,Diseño,/assets/store/profesiones-pack4-04-trabajador-social-2-388.jpg,"Hola, Creaciones DM. Quiero cotizar este diseño del catálogo: Profesiones Pack4 04 Trabajador social 2. Tipo: Mugs y tazas. Ocasión: Profesiones."
profesiones-pack4-04-trabajador-social-389,Profesiones Pack4 04 Trabajador social,Mugs y tazas,Profesiones,Packs profesiones especiales,Diseño,/assets/store/profesiones-pack4-04-trabajador-social-389.jpg,"Hola, Creaciones DM. Quiero cotizar este diseño del catálogo: Profesiones Pack4 04 Trabajador social. Tipo: Mugs y tazas. Ocasión: Profesiones."
profesiones-pack4-05-matrona-2-390,Profesiones Pack4 05 MATRONA 2,Mugs y tazas,Profesiones,Packs profesiones especiales,Diseño,/assets/store/profesiones-pack4-05-matrona-2-390.jpg,"Hola, Creaciones DM. Quiero cotizar este diseño del catálogo: Profesiones Pack4 05 MATRONA 2. Tipo: Mugs y tazas. Ocasión: Profesiones."
profesiones-pack4-05-matrona-391,Profesiones Pack4 05 MATRONA,Mugs y tazas,Profesiones,Packs profesiones especiales,Diseño,/assets/store/profesiones-pack4-05-matrona-391.jpg,"Hola, Creaciones DM. Quiero cotizar este diseño del catálogo: Profesiones Pack4 05 MATRONA. Tipo: Mugs y tazas. Ocasión: Profesiones."
profesiones-pack4-06-sacerdote-2-392,Profesiones Pack4 06 SACERDOTE 2,Mugs y tazas,Profesiones,Packs profesiones especiales,Diseño,/assets/store/profesiones-pack4-06-sacerdote-2-392.jpg,"Hola, Creaciones DM. Quiero cotizar este diseño del catálogo: Profesiones Pack4 06 SACERDOTE 2. Tipo: Mugs y tazas. Ocasión: Profesiones."
profesiones-pack4-06-sacerdote-393,Profesiones Pack4 06 SACERDOTE,Mugs y tazas,Profesiones,Packs profesiones especiales,Diseño,/assets/store/profesiones-pack4-06-sacerdote-393.jpg,"Hola, Creaciones DM. Quiero cotizar este diseño del catálogo: Profesiones Pack4 06 SACERDOTE. Tipo: Mugs y tazas. Ocasión: Profesiones."
profesiones-pack4-07-vendedor-2-394,Profesiones Pack4 07 vendedor 2,Mugs y tazas,Profesiones,Packs profesiones especiales,Diseño,/assets/store/profesiones-pack4-07-vendedor-2-394.jpg,"Hola, Creaciones DM. Quiero cotizar este diseño del catálogo: Profesiones Pack4 07 vendedor 2. Tipo: Mugs y tazas. Ocasión: Profesiones."
profesiones-pack4-07-vendedor-395,Profesiones Pack4 07 vendedor,Mugs y tazas,Profesiones,Packs profesiones especiales,Diseño,/assets/store/profesiones-pack4-07-vendedor-395.jpg,"Hola, Creaciones DM. Quiero cotizar este diseño del catálogo: Profesiones Pack4 07 vendedor. Tipo: Mugs y tazas. Ocasión: Profesiones."
profesiones-pack4-08-vendedora-2-396,Profesiones Pack4 08 vendedora 2,Mugs y tazas,Profesiones,Packs profesiones especiales,Diseño,/assets/store/profesiones-pack4-08-vendedora-2-396.jpg,"Hola, Creaciones DM. Quiero cotizar este diseño del catálogo: Profesiones Pack4 08 vendedora 2. Tipo: Mugs y tazas. Ocasión: Profesiones."
profesiones-pack4-08-vendedora-397,Profesiones Pack4 08 vendedora,Mugs y tazas,Profesiones,Packs profesiones especiales,Diseño,/assets/store/profesiones-pack4-08-vendedora-397.jpg,"Hola, Creaciones DM. Quiero cotizar este diseño del catálogo: Profesiones Pack4 08 vendedora. Tipo: Mugs y tazas. Ocasión: Profesiones."
profesiones-pack4-09-cliente-2-398,Profesiones Pack4 09 Cliente 2,Mugs y tazas,Profesiones,Packs profesiones especiales,Diseño,/assets/store/profesiones-pack4-09-cliente-2-398.jpg,"Hola, Creaciones DM. Quiero cotizar este diseño del catálogo: Profesiones Pack4 09 Cliente 2. Tipo: Mugs y tazas. Ocasión: Profesiones."
profesiones-pack4-09-cliente-399,Profesiones Pack4 09 Cliente,Mugs y tazas,Profesiones,Packs profesiones especiales,Diseño,/assets/store/profesiones-pack4-09-cliente-399.jpg,"Hola, Creaciones DM. Quiero cotizar este diseño del catálogo: Profesiones Pack4 09 Cliente. Tipo: Mugs y tazas. Ocasión: Profesiones."
profesiones-pack4-10-clienta-2-400,Profesiones Pack4 10 Clienta 2,Mugs y tazas,Profesiones,Packs profesiones especiales,Diseño,/assets/store/profesiones-pack4-10-clienta-2-400.jpg,"Hola, Creaciones DM. Quiero cotizar este diseño del catálogo: Profesiones Pack4 10 Clienta 2. Tipo: Mugs y tazas. Ocasión: Profesiones."
profesiones-pack4-10-clienta-401,Profesiones Pack4 10 Clienta,Mugs y tazas,Profesiones,Packs profesiones especiales,Diseño,/assets/store/profesiones-pack4-10-clienta-401.jpg,"Hola, Creaciones DM. Quiero cotizar este diseño del catálogo: Profesiones Pack4 10 Clienta. Tipo: Mugs y tazas. Ocasión: Profesiones."
profesiones-pack4-11-ing-civil-2-402,Profesiones Pack4 11 Ing Civil 2,Mugs y tazas,Profesiones,Packs profesiones especiales,Diseño,/assets/store/profesiones-pack4-11-ing-civil-2-402.jpg,"Hola, Creaciones DM. Quiero cotizar este diseño del catálogo: Profesiones Pack4 11 Ing Civil 2. Tipo: Mugs y tazas. Ocasión: Profesiones."
profesiones-pack4-11-ing-civil-403,Profesiones Pack4 11 Ing Civil,Mugs y tazas,Profesiones,Packs profesiones especiales,Diseño,/assets/store/profesiones-pack4-11-ing-civil-403.jpg,"Hola, Creaciones DM. Quiero cotizar este diseño del catálogo: Profesiones Pack4 11 Ing Civil. Tipo: Mugs y tazas. Ocasión: Profesiones."
profesiones-pack4-12-ing-civil-2-404,Profesiones Pack4 12 Ing Civil 2,Mugs y tazas,Profesiones,Packs profesiones especiales,Diseño,/assets/store/profesiones-pack4-12-ing-civil-2-404.jpg,"Hola, Creaciones DM. Quiero cotizar este diseño del catálogo: Profesiones Pack4 12 Ing Civil 2. Tipo: Mugs y tazas. Ocasión: Profesiones."
profesiones-pack4-12-ing-civil-405,Profesiones Pack4 12 Ing Civil,Mugs y tazas,Profesiones,Packs profesiones especiales,Diseño,/assets/store/profesiones-pack4-12-ing-civil-405.jpg,"Hola, Creaciones DM. Quiero cotizar este diseño del catálogo: Profesiones Pack4 12 Ing Civil. Tipo: Mugs y tazas. Ocasión: Profesiones."
profesiones-pack4-13-militar-2-406,Profesiones Pack4 13 Militar 2,Mugs y tazas,Profesiones,Packs profesiones especiales,Diseño,/assets/store/profesiones-pack4-13-militar-2-406.jpg,"Hola, Creaciones DM. Quiero cotizar este diseño del catálogo: Profesiones Pack4 13 Militar 2. Tipo: Mugs y tazas. Ocasión: Profesiones."
profesiones-pack4-13-militar-407,Profesiones Pack4 13 Militar,Mugs y tazas,Profesiones,Packs profesiones especiales,Diseño,/assets/store/profesiones-pack4-13-militar-407.jpg,"Hola, Creaciones DM. Quiero cotizar este diseño del catálogo: Profesiones Pack4 13 Militar. Tipo: Mugs y tazas. Ocasión: Profesiones."
profesiones-pack4-14-militar-2-408,Profesiones Pack4 14 Militar 2,Mugs y tazas,Profesiones,Packs profesiones especiales,Diseño,/assets/store/profesiones-pack4-14-militar-2-408.jpg,"Hola, Creaciones DM. Quiero cotizar este diseño del catálogo: Profesiones Pack4 14 Militar 2. Tipo: Mugs y tazas. Ocasión: Profesiones."
profesiones-pack4-14-militar-409,Profesiones Pack4 14 Militar,Mugs y tazas,Profesiones,Packs profesiones especiales,Diseño,/assets/store/profesiones-pack4-14-militar-409.jpg,"Hola, Creaciones DM. Quiero cotizar este diseño del catálogo: Profesiones Pack4 14 Militar. Tipo: Mugs y tazas. Ocasión: Profesiones."
profesiones-pack4-15-economista-2-410,Profesiones Pack4 15 Economista 2,Mugs y tazas,Profesiones,Packs profesiones especiales,Diseño,/assets/store/profesiones-pack4-15-economista-2-410.jpg,"Hola, Creaciones DM. Quiero cotizar este diseño del catálogo: Profesiones Pack4 15 Economista 2. Tipo: Mugs y tazas. Ocasión: Profesiones."
profesiones-pack4-15-economista-411,Profesiones Pack4 15 Economista,Mugs y tazas,Profesiones,Packs profesiones especiales,Diseño,/assets/store/profesiones-pack4-15-economista-411.jpg,"Hola, Creaciones DM. Quiero cotizar este diseño del catálogo: Profesiones Pack4 15 Economista. Tipo: Mugs y tazas. Ocasión: Profesiones."
profesiones-pack4-16-economista-2-412,Profesiones Pack4 16 Economista 2,Mugs y tazas,Profesiones,Packs profesiones especiales,Diseño,/assets/store/profesiones-pack4-16-economista-2-412.jpg,"Hola, Creaciones DM. Quiero cotizar este diseño del catálogo: Profesiones Pack4 16 Economista 2. Tipo: Mugs y tazas. Ocasión: Profesiones."
profesiones-pack4-16-economista-413,Profesiones Pack4 16 Economista,Mugs y tazas,Profesiones,Packs profesiones especiales,Diseño,/assets/store/profesiones-pack4-16-economista-413.jpg,"Hola, Creaciones DM. Quiero cotizar este diseño del catálogo: Profesiones Pack4 16 Economista. Tipo: Mugs y tazas. Ocasión: Profesiones."
profesiones-pack4-17-scout-2-414,Profesiones Pack4 17 Scout 2,Mugs y tazas,Profesiones,Packs profesiones especiales,Diseño,/assets/store/profesiones-pack4-17-scout-2-414.jpg,"Hola, Creaciones DM. Quiero cotizar este diseño del catálogo: Profesiones Pack4 17 Scout 2. Tipo: Mugs y tazas. Ocasión: Profesiones."
profesiones-pack4-17-scout-415,Profesiones Pack4 17 Scout,Mugs y tazas,Profesiones,Packs profesiones especiales,Diseño,/assets/store/profesiones-pack4-17-scout-415.jpg,"Hola, Creaciones DM. Quiero cotizar este diseño del catálogo: Profesiones Pack4 17 Scout. Tipo: Mugs y tazas. Ocasión: Profesiones."
profesiones-pack4-18-scout-2-416,Profesiones Pack4 18 Scout 2,Mugs y tazas,Profesiones,Packs profesiones especiales,Diseño,/assets/store/profesiones-pack4-18-scout-2-416.jpg,"Hola, Creaciones DM. Quiero cotizar este diseño del catálogo: Profesiones Pack4 18 Scout 2. Tipo: Mugs y tazas. Ocasión: Profesiones."
profesiones-pack4-18-scout-417,Profesiones Pack4 18 Scout,Mugs y tazas,Profesiones,Packs profesiones especiales,Diseño,/assets/store/profesiones-pack4-18-scout-417.jpg,"Hola, Creaciones DM. Quiero cotizar este diseño del catálogo: Profesiones Pack4 18 Scout. Tipo: Mugs y tazas. Ocasión: Profesiones."
profesiones-pack4-19-repostero-2-418,Profesiones Pack4 19 Repostero 2,Mugs y tazas,Profesiones,Packs profesiones especiales,Diseño,/assets/store/profesiones-pack4-19-repostero-2-418.jpg,"Hola, Creaciones DM. Quiero cotizar este diseño del catálogo: Profesiones Pack4 19 Repostero 2. Tipo: Mugs y tazas. Ocasión: Profesiones."
profesiones-pack4-19-repostero-419,Profesiones Pack4 19 Repostero,Mugs y tazas,Profesiones,Packs profesiones especiales,Diseño,/assets/store/profesiones-pack4-19-repostero-419.jpg,"Hola, Creaciones DM. Quiero cotizar este diseño del catálogo: Profesiones Pack4 19 Repostero. Tipo: Mugs y tazas. Ocasión: Profesiones."
profesiones-pack4-20-repostera-2-420,Profesiones Pack4 20 Repostera 2,Mugs y tazas,Profesiones,Packs profesiones especiales,Diseño,/assets/store/profesiones-pack4-20-repostera-2-420.jpg,"Hola, Creaciones DM. Quiero cotizar este diseño del catálogo: Profesiones Pack4 20 Repostera 2. Tipo: Mugs y tazas. Ocasión: Profesiones."
profesiones-pack4-20-repostera-421,Profesiones Pack4 20 Repostera,Mugs y tazas,Profesiones,Packs profesiones especiales,Diseño,/assets/store/profesiones-pack4-20-repostera-421.jpg,"Hola, Creaciones DM. Quiero cotizar este diseño del catálogo: Profesiones Pack4 20 Repostera. Tipo: Mugs y tazas. Ocasión: Profesiones."
profesiones-packnavidad-01-2-422,Profesiones PackNavidad 01 2,Mugs y tazas,Navidad,Packs profesiones especiales,Diseño,/assets/store/profesiones-packnavidad-01-2-422.jpg,"Hola, Creaciones DM. Quiero cotizar este diseño del catálogo: Profesiones PackNavidad 01 2. Tipo: Mugs y tazas. Ocasión: Navidad."
profesiones-packnavidad-01-423,Profesiones PackNavidad 01,Mugs y tazas,Navidad,Packs profesiones especiales,Diseño,/assets/store/profesiones-packnavidad-01-423.jpg,"Hola, Creaciones DM. Quiero cotizar este diseño del catálogo: Profesiones PackNavidad 01. Tipo: Mugs y tazas. Ocasión: Navidad."
profesiones-packnavidad-02-2-424,Profesiones PackNavidad 02 2,Mugs y tazas,Navidad,Packs profesiones especiales,Diseño,/assets/store/profesiones-packnavidad-02-2-424.jpg,"Hola, Creaciones DM. Quiero cotizar este diseño del catálogo: Profesiones PackNavidad 02 2. Tipo: Mugs y tazas. Ocasión: Navidad."
profesiones-packnavidad-02-425,Profesiones PackNavidad 02,Mugs y tazas,Navidad,Packs profesiones especiales,Diseño,/assets/store/profesiones-packnavidad-02-425.jpg,"Hola, Creaciones DM. Quiero cotizar este diseño del catálogo: Profesiones PackNavidad 02. Tipo: Mugs y tazas. Ocasión: Navidad."
profesiones-packnavidad-03-02-426,Profesiones PackNavidad 03 02,Mugs y tazas,Navidad,Packs profesiones especiales,Diseño,/assets/store/profesiones-packnavidad-03-02-426.jpg,"Hola, Creaciones DM. Quiero cotizar este diseño del catálogo: Profesiones PackNavidad 03 02. Tipo: Mugs y tazas. Ocasión: Navidad."
profesiones-packnavidad-03-427,Profesiones PackNavidad 03,Mugs y tazas,Navidad,Packs profesiones especiales,Diseño,/assets/store/profesiones-packnavidad-03-427.jpg,"Hola, Creaciones DM. Quiero cotizar este diseño del catálogo: Profesiones PackNavidad 03. Tipo: Mugs y tazas. Ocasión: Navidad."
profesiones-packnavidad-04-2-428,Profesiones PackNavidad 04 2,Mugs y tazas,Navidad,Packs profesiones especiales,Diseño,/assets/store/profesiones-packnavidad-04-2-428.jpg,"Hola, Creaciones DM. Quiero cotizar este diseño del catálogo: Profesiones PackNavidad 04 2. Tipo: Mugs y tazas. Ocasión: Navidad."
profesiones-packnavidad-04-429,Profesiones PackNavidad 04,Mugs y tazas,Navidad,Packs profesiones especiales,Diseño,/assets/store/profesiones-packnavidad-04-429.jpg,"Hola, Creaciones DM. Quiero cotizar este diseño del catálogo: Profesiones PackNavidad 04. Tipo: Mugs y tazas. Ocasión: Navidad."
profesiones-packnavidad-05-2-430,Profesiones PackNavidad 05 2,Mugs y tazas,Navidad,Packs profesiones especiales,Diseño,/assets/store/profesiones-packnavidad-05-2-430.jpg,"Hola, Creaciones DM. Quiero cotizar este diseño del catálogo: Profesiones PackNavidad 05 2. Tipo: Mugs y tazas. Ocasión: Navidad."
profesiones-packnavidad-05-431,Profesiones PackNavidad 05,Mugs y tazas,Navidad,Packs profesiones especiales,Diseño,/assets/store/profesiones-packnavidad-05-431.jpg,"Hola, Creaciones DM. Quiero cotizar este diseño del catálogo: Profesiones PackNavidad 05. Tipo: Mugs y tazas. Ocasión: Navidad."
profesiones-packnavidad-06-2-432,Profesiones PackNavidad 06 2,Mugs y tazas,Navidad,Packs profesiones especiales,Diseño,/assets/store/profesiones-packnavidad-06-2-432.jpg,"Hola, Creaciones DM. Quiero cotizar este diseño del catálogo: Profesiones PackNavidad 06 2. Tipo: Mugs y tazas. Ocasión: Navidad."
profesiones-packnavidad-06-433,Profesiones PackNavidad 06,Mugs y tazas,Navidad,Packs profesiones especiales,Diseño,/assets/store/profesiones-packnavidad-06-433.jpg,"Hola, Creaciones DM. Quiero cotizar este diseño del catálogo: Profesiones PackNavidad 06. Tipo: Mugs y tazas. Ocasión: Navidad."
profesiones-packnavidad-07-2-1-434,Profesiones PackNavidad 07 2 (1),Mugs y tazas,Navidad,Packs profesiones especiales,Diseño,/assets/store/profesiones-packnavidad-07-2-1-434.jpg,"Hola, Creaciones DM. Quiero cotizar este diseño del catálogo: Profesiones PackNavidad 07 2 (1). Tipo: Mugs y tazas. Ocasión: Navidad."
profesiones-packnavidad-07-2-435,Profesiones PackNavidad 07 2,Mugs y tazas,Navidad,Packs profesiones especiales,Diseño,/assets/store/profesiones-packnavidad-07-2-435.jpg,"Hola, Creaciones DM. Quiero cotizar este diseño del catálogo: Profesiones PackNavidad 07 2. Tipo: Mugs y tazas. Ocasión: Navidad."
profesiones-packnavidad-07-436,Profesiones PackNavidad 07,Mugs y tazas,Navidad,Packs profesiones especiales,Diseño,/assets/store/profesiones-packnavidad-07-436.jpg,"Hola, Creaciones DM. Quiero cotizar este diseño del catálogo: Profesiones PackNavidad 07. Tipo: Mugs y tazas. Ocasión: Navidad."
profesiones-packnavidad-08-2-437,Profesiones PackNavidad 08 2,Mugs y tazas,Navidad,Packs profesiones especiales,Diseño,/assets/store/profesiones-packnavidad-08-2-437.jpg,"Hola, Creaciones DM. Quiero cotizar este diseño del catálogo: Profesiones PackNavidad 08 2. Tipo: Mugs y tazas. Ocasión: Navidad."
profesiones-packnavidad-08-438,Profesiones PackNavidad 08,Mugs y tazas,Navidad,Packs profesiones especiales,Diseño,/assets/store/profesiones-packnavidad-08-438.jpg,"Hola, Creaciones DM. Quiero cotizar este diseño del catálogo: Profesiones PackNavidad 08. Tipo: Mugs y tazas. Ocasión: Navidad."
profesiones-packnavidad-09-2-439,Profesiones PackNavidad 09 2,Mugs y tazas,Navidad,Packs profesiones especiales,Diseño,/assets/store/profesiones-packnavidad-09-2-439.jpg,"Hola, Creaciones DM. Quiero cotizar este diseño del catálogo: Profesiones PackNavidad 09 2. Tipo: Mugs y tazas. Ocasión: Navidad."
profesiones-packnavidad-09-440,Profesiones PackNavidad 09,Mugs y tazas,Navidad,Packs profesiones especiales,Diseño,/assets/store/profesiones-packnavidad-09-440.jpg,"Hola, Creaciones DM. Quiero cotizar este diseño del catálogo: Profesiones PackNavidad 09. Tipo: Mugs y tazas. Ocasión: Navidad."
profesiones-packnavidad-10-2-441,Profesiones PackNavidad 10 2,Mugs y tazas,Navidad,Packs profesiones especiales,Diseño,/assets/store/profesiones-packnavidad-10-2-441.jpg,"Hola, Creaciones DM. Quiero cotizar este diseño del catálogo: Profesiones PackNavidad 10 2. Tipo: Mugs y tazas. Ocasión: Navidad."
profesiones-packnavidad-10-442,Profesiones PackNavidad 10,Mugs y tazas,Navidad,Packs profesiones especiales,Diseño,/assets/store/profesiones-packnavidad-10-442.jpg,"Hola, Creaciones DM. Quiero cotizar este diseño del catálogo: Profesiones PackNavidad 10. Tipo: Mugs y tazas. Ocasión: Navidad."
profesiones-packnavidad-11-2-443,Profesiones PackNavidad 11 2,Mugs y tazas,Navidad,Packs profesiones especiales,Diseño,/assets/store/profesiones-packnavidad-11-2-443.jpg,"Hola, Creaciones DM. Quiero cotizar este diseño del catálogo: Profesiones PackNavidad 11 2. Tipo: Mugs y tazas. Ocasión: Navidad."
profesiones-packnavidad-11-444,Profesiones PackNavidad 11,Mugs y tazas,Navidad,Packs profesiones especiales,Diseño,/assets/store/profesiones-packnavidad-11-444.jpg,"Hola, Creaciones DM. Quiero cotizar este diseño del catálogo: Profesiones PackNavidad 11. Tipo: Mugs y tazas. Ocasión: Navidad."
profesiones-packnavidad-12-2-445,Profesiones PackNavidad 12 2,Mugs y tazas,Navidad,Packs profesiones especiales,Diseño,/assets/store/profesiones-packnavidad-12-2-445.jpg,"Hola, Creaciones DM. Quiero cotizar este diseño del catálogo: Profesiones PackNavidad 12 2. Tipo: Mugs y tazas. Ocasión: Navidad."
profesiones-packnavidad-12-446,Profesiones PackNavidad 12,Mugs y tazas,Navidad,Packs profesiones especiales,Diseño,/assets/store/profesiones-packnavidad-12-446.jpg,"Hola, Creaciones DM. Quiero cotizar este diseño del catálogo: Profesiones PackNavidad 12. Tipo: Mugs y tazas. Ocasión: Navidad."
profesiones-packnavidad-13-2-447,Profesiones PackNavidad 13 2,Mugs y tazas,Navidad,Packs profesiones especiales,Diseño,/assets/store/profesiones-packnavidad-13-2-447.jpg,"Hola, Creaciones DM. Quiero cotizar este diseño del catálogo: Profesiones PackNavidad 13 2. Tipo: Mugs y tazas. Ocasión: Navidad."
profesiones-packnavidad-13-448,Profesiones PackNavidad 13,Mugs y tazas,Navidad,Packs profesiones especiales,Diseño,/assets/store/profesiones-packnavidad-13-448.jpg,"Hola, Creaciones DM. Quiero cotizar este diseño del catálogo: Profesiones PackNavidad 13. Tipo: Mugs y tazas. Ocasión: Navidad."
profesiones-packnavidad-14-2-449,Profesiones PackNavidad 14 2,Mugs y tazas,Navidad,Packs profesiones especiales,Diseño,/assets/store/profesiones-packnavidad-14-2-449.jpg,"Hola, Creaciones DM. Quiero cotizar este diseño del catálogo: Profesiones PackNavidad 14 2. Tipo: Mugs y tazas. Ocasión: Navidad."
profesiones-packnavidad-14-450,Profesiones PackNavidad 14,Mugs y tazas,Navidad,Packs profesiones especiales,Diseño,/assets/store/profesiones-packnavidad-14-450.jpg,"Hola, Creaciones DM. Quiero cotizar este diseño del catálogo: Profesiones PackNavidad 14. Tipo: Mugs y tazas. Ocasión: Navidad."
profesiones-packnavidad-15-2-451,Profesiones PackNavidad 15 2,Mugs y tazas,Navidad,Packs profesiones especiales,Diseño,/assets/store/profesiones-packnavidad-15-2-451.jpg,"Hola, Creaciones DM. Quiero cotizar este diseño del catálogo: Profesiones PackNavidad 15 2. Tipo: Mugs y tazas. Ocasión: Navidad."
profesiones-packnavidad-15-452,Profesiones PackNavidad 15,Mugs y tazas,Navidad,Packs profesiones especiales,Diseño,/assets/store/profesiones-packnavidad-15-452.jpg,"Hola, Creaciones DM. Quiero cotizar este diseño del catálogo: Profesiones PackNavidad 15. Tipo: Mugs y tazas. Ocasión: Navidad."
profesiones-packnavidad-16-2-453,Profesiones PackNavidad 16 2,Mugs y tazas,Navidad,Packs profesiones especiales,Diseño,/assets/store/profesiones-packnavidad-16-2-453.jpg,"Hola, Creaciones DM. Quiero cotizar este diseño del catálogo: Profesiones PackNavidad 16 2. Tipo: Mugs y tazas. Ocasión: Navidad."
profesiones-packnavidad-16-454,Profesiones PackNavidad 16,Mugs y tazas,Navidad,Packs profesiones especiales,Diseño,/assets/store/profesiones-packnavidad-16-454.jpg,"Hola, Creaciones DM. Quiero cotizar este diseño del catálogo: Profesiones PackNavidad 16. Tipo: Mugs y tazas. Ocasión: Navidad."
el-mejor-farmaceutico-455,EL MEJOR FARMACÉUTICO,Mugs y tazas,Profesiones,Packs profesiones especiales,Diseño,/assets/store/el-mejor-farmaceutico-455.jpg,"Hola, Creaciones DM. Quiero cotizar este diseño del catálogo: EL MEJOR FARMACÉUTICO. Tipo: Mugs y tazas. Ocasión: Profesiones."
gendarmeria-456,GENDARMERIA,Mugs y tazas,Profesiones,Packs profesiones especiales,Diseño,/assets/store/gendarmeria-456.jpg,"Hola, Creaciones DM. Quiero cotizar este diseño del catálogo: GENDARMERIA. Tipo: Mugs y tazas. Ocasión: Profesiones."
la-mejor-farmaceutica-457,LA MEJOR FARMACÉUTICA,Mugs y tazas,Profesiones,Packs profesiones especiales,Diseño,/assets/store/la-mejor-farmaceutica-457.jpg,"Hola, Creaciones DM. Quiero cotizar este diseño del catálogo: LA MEJOR FARMACÉUTICA. Tipo: Mugs y tazas. Ocasión: Profesiones."
manicurista-458,MANICURISTA,Mugs y tazas,Profesiones,Packs profesiones especiales,Diseño,/assets/store/manicurista-458.jpg,"Hola, Creaciones DM. Quiero cotizar este diseño del catálogo: MANICURISTA. Tipo: Mugs y tazas. Ocasión: Profesiones."
1-ingeniero-459,1 Ingeniero,Mugs y tazas,Profesiones,Packs profesiones especiales,Diseño,/assets/store/1-ingeniero-459.jpg,"Hola, Creaciones DM. Quiero cotizar este diseño del catálogo: 1 Ingeniero. Tipo: Mugs y tazas. Ocasión: Profesiones."
10-ingeniero-460,10 Ingeniero,Mugs y tazas,Profesiones,Packs profesiones especiales,Diseño,/assets/store/10-ingeniero-460.jpg,"Hola, Creaciones DM. Quiero cotizar este diseño del catálogo: 10 Ingeniero. Tipo: Mugs y tazas. Ocasión: Profesiones."
11-ingeniero-461,11 Ingeniero,Mugs y tazas,Profesiones,Packs profesiones especiales,Diseño,/assets/store/11-ingeniero-461.jpg,"Hola, Creaciones DM. Quiero cotizar este diseño del catálogo: 11 Ingeniero. Tipo: Mugs y tazas. Ocasión: Profesiones."
12-compras-462,12 Compras,Mugs y tazas,Profesiones,Packs profesiones especiales,Diseño,/assets/store/12-compras-462.jpg,"Hola, Creaciones DM. Quiero cotizar este diseño del catálogo: 12 Compras. Tipo: Mugs y tazas. Ocasión: Profesiones."
13-ingeniero-463,13 Ingeniero,Mugs y tazas,Profesiones,Packs profesiones especiales,Diseño,/assets/store/13-ingeniero-463.jpg,"Hola, Creaciones DM. Quiero cotizar este diseño del catálogo: 13 Ingeniero. Tipo: Mugs y tazas. Ocasión: Profesiones."
14-profesor-464,14 profesor,Mugs y tazas,Profesiones,Packs profesiones especiales,Diseño,/assets/store/14-profesor-464.jpg,"Hola, Creaciones DM. Quiero cotizar este diseño del catálogo: 14 profesor. Tipo: Mugs y tazas. Ocasión: Profesiones."
15-profesor-465,15 profesor,Mugs y tazas,Profesiones,Packs profesiones especiales,Diseño,/assets/store/15-profesor-465.jpg,"Hola, Creaciones DM. Quiero cotizar este diseño del catálogo: 15 profesor. Tipo: Mugs y tazas. Ocasión: Profesiones."
16-medico-466,16 medico,Mugs y tazas,Profesiones,Packs profesiones especiales,Diseño,/assets/store/16-medico-466.jpg,"Hola, Creaciones DM. Quiero cotizar este diseño del catálogo: 16 medico. Tipo: Mugs y tazas. Ocasión: Profesiones."
17-abogado-467,17 abogado,Mugs y tazas,Profesiones,Packs profesiones especiales,Diseño,/assets/store/17-abogado-467.jpg,"Hola, Creaciones DM. Quiero cotizar este diseño del catálogo: 17 abogado. Tipo: Mugs y tazas. Ocasión: Profesiones."
18-enfermero-468,18 enfermero,Mugs y tazas,Profesiones,Packs profesiones especiales,Diseño,/assets/store/18-enfermero-468.jpg,"Hola, Creaciones DM. Quiero cotizar este diseño del catálogo: 18 enfermero. Tipo: Mugs y tazas. Ocasión: Profesiones."
19-secretaria-469,19 secretaria,Mugs y tazas,Profesiones,Packs profesiones especiales,Diseño,/assets/store/19-secretaria-469.jpg,"Hola, Creaciones DM. Quiero cotizar este diseño del catálogo: 19 secretaria. Tipo: Mugs y tazas. Ocasión: Profesiones."
2-ingenieria-470,2 ingenieria,Diseños para sublimación,Profesiones,Packs profesiones especiales,Diseño,/assets/store/2-ingenieria-470.jpg,"Hola, Creaciones DM. Quiero cotizar este diseño del catálogo: 2 ingenieria. Tipo: Diseños para sublimación. Ocasión: Profesiones."
2-ingeniero-471,2 Ingeniero,Mugs y tazas,Profesiones,Packs profesiones especiales,Diseño,/assets/store/2-ingeniero-471.jpg,"Hola, Creaciones DM. Quiero cotizar este diseño del catálogo: 2 Ingeniero. Tipo: Mugs y tazas. Ocasión: Profesiones."
20-odontologo-472,20 odontologo,Mugs y tazas,Profesiones,Packs profesiones especiales,Diseño,/assets/store/20-odontologo-472.jpg,"Hola, Creaciones DM. Quiero cotizar este diseño del catálogo: 20 odontologo. Tipo: Mugs y tazas. Ocasión: Profesiones."
21-fotografo-473,21 fotografo,Mugs y tazas,Profesiones,Packs profesiones especiales,Diseño,/assets/store/21-fotografo-473.jpg,"Hola, Creaciones DM. Quiero cotizar este diseño del catálogo: 21 fotografo. Tipo: Mugs y tazas. Ocasión: Profesiones."
22-policia-474,22 policia,Mugs y tazas,Profesiones,Packs profesiones especiales,Diseño,/assets/store/22-policia-474.jpg,"Hola, Creaciones DM. Quiero cotizar este diseño del catálogo: 22 policia. Tipo: Mugs y tazas. Ocasión: Profesiones."
23-contador-475,23 contador,Mugs y tazas,Profesiones,Packs profesiones especiales,Diseño,/assets/store/23-contador-475.jpg,"Hola, Creaciones DM. Quiero cotizar este diseño del catálogo: 23 contador. Tipo: Mugs y tazas. Ocasión: Profesiones."
24-almacenista-476,24 almacenista,Mugs y tazas,Profesiones,Packs profesiones especiales,Diseño,/assets/store/24-almacenista-476.jpg,"Hola, Creaciones DM. Quiero cotizar este diseño del catálogo: 24 almacenista. Tipo: Mugs y tazas. Ocasión: Profesiones."
25-talento-humano-477,25 talento humano,Mugs y tazas,Profesiones,Packs profesiones especiales,Diseño,/assets/store/25-talento-humano-477.jpg,"Hola, Creaciones DM. Quiero cotizar este diseño del catálogo: 25 talento humano. Tipo: Mugs y tazas. Ocasión: Profesiones."
26-marketing-478,26 marketing,Mugs y tazas,Profesiones,Packs profesiones especiales,Diseño,/assets/store/26-marketing-478.jpg,"Hola, Creaciones DM. Quiero cotizar este diseño del catálogo: 26 marketing. Tipo: Mugs y tazas. Ocasión: Profesiones."
27-motorizado-479,27 motorizado,Mugs y tazas,Profesiones,Packs profesiones especiales,Diseño,/assets/store/27-motorizado-479.jpg,"Hola, Creaciones DM. Quiero cotizar este diseño del catálogo: 27 motorizado. Tipo: Mugs y tazas. Ocasión: Profesiones."
28-recepcion-480,28 recepcion,Mugs y tazas,Profesiones,Packs profesiones especiales,Diseño,/assets/store/28-recepcion-480.jpg,"Hola, Creaciones DM. Quiero cotizar este diseño del catálogo: 28 recepcion. Tipo: Mugs y tazas. Ocasión: Profesiones."
29-transcriptor-481,29 transcriptor,Mugs y tazas,Profesiones,Packs profesiones especiales,Diseño,/assets/store/29-transcriptor-481.jpg,"Hola, Creaciones DM. Quiero cotizar este diseño del catálogo: 29 transcriptor. Tipo: Mugs y tazas. Ocasión: Profesiones."
3-ingeniero-482,3 Ingeniero,Mugs y tazas,Profesiones,Packs profesiones especiales,Diseño,/assets/store/3-ingeniero-482.jpg,"Hola, Creaciones DM. Quiero cotizar este diseño del catálogo: 3 Ingeniero. Tipo: Mugs y tazas. Ocasión: Profesiones."
30-vigilante-483,30 vigilante,Mugs y tazas,Profesiones,Packs profesiones especiales,Diseño,/assets/store/30-vigilante-483.jpg,"Hola, Creaciones DM. Quiero cotizar este diseño del catálogo: 30 vigilante. Tipo: Mugs y tazas. Ocasión: Profesiones."
31-auxiliar-484,31 auxiliar,Mugs y tazas,Profesiones,Packs profesiones especiales,Diseño,/assets/store/31-auxiliar-484.jpg,"Hola, Creaciones DM. Quiero cotizar este diseño del catálogo: 31 auxiliar. Tipo: Mugs y tazas. Ocasión: Profesiones."
32-bioanalista-485,32 bioanalista,Mugs y tazas,Profesiones,Packs profesiones especiales,Diseño,/assets/store/32-bioanalista-485.jpg,"Hola, Creaciones DM. Quiero cotizar este diseño del catálogo: 32 bioanalista. Tipo: Mugs y tazas. Ocasión: Profesiones."
4-ingeniero-486,4 Ingeniero,Mugs y tazas,Profesiones,Packs profesiones especiales,Diseño,/assets/store/4-ingeniero-486.jpg,"Hola, Creaciones DM. Quiero cotizar este diseño del catálogo: 4 Ingeniero. Tipo: Mugs y tazas. Ocasión: Profesiones."
5-ingeniero-487,5 Ingeniero,Mugs y tazas,Profesiones,Packs profesiones especiales,Diseño,/assets/store/5-ingeniero-487.jpg,"Hola, Creaciones DM. Quiero cotizar este diseño del catálogo: 5 Ingeniero. Tipo: Mugs y tazas. Ocasión: Profesiones."
6-ingeniero-488,6 Ingeniero,Mugs y tazas,Profesiones,Packs profesiones especiales,Diseño,/assets/store/6-ingeniero-488.jpg,"Hola, Creaciones DM. Quiero cotizar este diseño del catálogo: 6 Ingeniero. Tipo: Mugs y tazas. Ocasión: Profesiones."
7-ingeniero-489,7 Ingeniero,Mugs y tazas,Profesiones,Packs profesiones especiales,Diseño,/assets/store/7-ingeniero-489.jpg,"Hola, Creaciones DM. Quiero cotizar este diseño del catálogo: 7 Ingeniero. Tipo: Mugs y tazas. Ocasión: Profesiones."
8-ingeniero-490,8 Ingeniero,Mugs y tazas,Profesiones,Packs profesiones especiales,Diseño,/assets/store/8-ingeniero-490.jpg,"Hola, Creaciones DM. Quiero cotizar este diseño del catálogo: 8 Ingeniero. Tipo: Mugs y tazas. Ocasión: Profesiones."
9-ingeniero-491,9 Ingeniero,Mugs y tazas,Profesiones,Packs profesiones especiales,Diseño,/assets/store/9-ingeniero-491.jpg,"Hola, Creaciones DM. Quiero cotizar este diseño del catálogo: 9 Ingeniero. Tipo: Mugs y tazas. Ocasión: Profesiones."
abogada-492,Abogada,Diseños para sublimación,Profesiones,Packs profesiones especiales,Diseño,/assets/store/abogada-492.jpg,"Hola, Creaciones DM. Quiero cotizar este diseño del catálogo: Abogada. Tipo: Diseños para sublimación. Ocasión: Profesiones."
abue-493,Abue,Diseños para sublimación,Profesiones,Packs profesiones especiales,Diseño,/assets/store/abue-493.jpg,"Hola, Creaciones DM. Quiero cotizar este diseño del catálogo: Abue. Tipo: Diseños para sublimación. Ocasión: Profesiones."
administradora-494,Administradora,Diseños para sublimación,Profesiones,Packs profesiones especiales,Diseño,/assets/store/administradora-494.jpg,"Hola, Creaciones DM. Quiero cotizar este diseño del catálogo: Administradora. Tipo: Diseños para sublimación. Ocasión: Profesiones."
arquitecta-495,Arquitecta,Diseños para sublimación,Profesiones,Packs profesiones especiales,Diseño,/assets/store/arquitecta-495.jpg,"Hola, Creaciones DM. Quiero cotizar este diseño del catálogo: Arquitecta. Tipo: Diseños para sublimación. Ocasión: Profesiones."
aventurera-496,Aventurera,Diseños para sublimación,Profesiones,Packs profesiones especiales,Diseño,/assets/store/aventurera-496.jpg,"Hola, Creaciones DM. Quiero cotizar este diseño del catálogo: Aventurera. Tipo: Diseños para sublimación. Ocasión: Profesiones."
azafata-497,Azafata,Diseños para sublimación,Profesiones,Packs profesiones especiales,Diseño,/assets/store/azafata-497.jpg,"Hola, Creaciones DM. Quiero cotizar este diseño del catálogo: Azafata. Tipo: Diseños para sublimación. Ocasión: Profesiones."
bailarina-498,Bailarina,Diseños para sublimación,Profesiones,Packs profesiones especiales,Diseño,/assets/store/bailarina-498.jpg,"Hola, Creaciones DM. Quiero cotizar este diseño del catálogo: Bailarina. Tipo: Diseños para sublimación. Ocasión: Profesiones."
bibliotecaria-499,Bibliotecaria,Diseños para sublimación,Profesiones,Packs profesiones especiales,Diseño,/assets/store/bibliotecaria-499.jpg,"Hola, Creaciones DM. Quiero cotizar este diseño del catálogo: Bibliotecaria. Tipo: Diseños para sublimación. Ocasión: Profesiones."
biologo-500,Biologo,Diseños para sublimación,Profesiones,Packs profesiones especiales,Diseño,/assets/store/biologo-500.jpg,"Hola, Creaciones DM. Quiero cotizar este diseño del catálogo: Biologo. Tipo: Diseños para sublimación. Ocasión: Profesiones."
bombero-501,Bombero,Diseños para sublimación,Profesiones,Packs profesiones especiales,Diseño,/assets/store/bombero-501.jpg,"Hola, Creaciones DM. Quiero cotizar este diseño del catálogo: Bombero. Tipo: Diseños para sublimación. Ocasión: Profesiones."
boxeador-502,Boxeador,Diseños para sublimación,Profesiones,Packs profesiones especiales,Diseño,/assets/store/boxeador-502.jpg,"Hola, Creaciones DM. Quiero cotizar este diseño del catálogo: Boxeador. Tipo: Diseños para sublimación. Ocasión: Profesiones."
cantante-503,Cantante,Diseños para sublimación,Profesiones,Packs profesiones especiales,Diseño,/assets/store/cantante-503.jpg,"Hola, Creaciones DM. Quiero cotizar este diseño del catálogo: Cantante. Tipo: Diseños para sublimación. Ocasión: Profesiones."
ciclista-504,Ciclista,Diseños para sublimación,Profesiones,Packs profesiones especiales,Diseño,/assets/store/ciclista-504.jpg,"Hola, Creaciones DM. Quiero cotizar este diseño del catálogo: Ciclista. Tipo: Diseños para sublimación. Ocasión: Profesiones."
collage-amor-01-505,Collage Amor 01,Mugs y tazas,Amor y pareja,Pack amor collage,Mockup,/assets/store/collage-amor-01-505.jpg,"Hola, Creaciones DM. Quiero cotizar este diseño del catálogo: Collage Amor 01. Tipo: Mugs y tazas. Ocasión: Amor y pareja."
collage-amor-01-506,Collage Amor 01,Mugs y tazas,Amor y pareja,Pack amor collage,Diseño,/assets/store/collage-amor-01-506.jpg,"Hola, Creaciones DM. Quiero cotizar este diseño del catálogo: Collage Amor 01. Tipo: Mugs y tazas. Ocasión: Amor y pareja."
collage-amor-02-507,Collage Amor 02,Mugs y tazas,Amor y pareja,Pack amor collage,Mockup,/assets/store/collage-amor-02-507.jpg,"Hola, Creaciones DM. Quiero cotizar este diseño del catálogo: Collage Amor 02. Tipo: Mugs y tazas. Ocasión: Amor y pareja."
collage-amor-02-508,Collage Amor 02,Mugs y tazas,Amor y pareja,Pack amor collage,Diseño,/assets/store/collage-amor-02-508.jpg,"Hola, Creaciones DM. Quiero cotizar este diseño del catálogo: Collage Amor 02. Tipo: Mugs y tazas. Ocasión: Amor y pareja."
collage-amor-03-509,Collage Amor 03,Mugs y tazas,Amor y pareja,Pack amor collage,Mockup,/assets/store/collage-amor-03-509.jpg,"Hola, Creaciones DM. Quiero cotizar este diseño del catálogo: Collage Amor 03. Tipo: Mugs y tazas. Ocasión: Amor y pareja."
collage-amor-03-510,Collage Amor 03,Mugs y tazas,Amor y pareja,Pack amor collage,Diseño,/assets/store/collage-amor-03-510.jpg,"Hola, Creaciones DM. Quiero cotizar este diseño del catálogo: Collage Amor 03. Tipo: Mugs y tazas. Ocasión: Amor y pareja."
collage-amor-04-511,Collage Amor 04,Mugs y tazas,Amor y pareja,Pack amor collage,Mockup,/assets/store/collage-amor-04-511.jpg,"Hola, Creaciones DM. Quiero cotizar este diseño del catálogo: Collage Amor 04. Tipo: Mugs y tazas. Ocasión: Amor y pareja."
collage-amor-04-512,Collage Amor 04,Mugs y tazas,Amor y pareja,Pack amor collage,Diseño,/assets/store/collage-amor-04-512.jpg,"Hola, Creaciones DM. Quiero cotizar este diseño del catálogo: Collage Amor 04. Tipo: Mugs y tazas. Ocasión: Amor y pareja."
collage-amor-05-513,Collage Amor 05,Mugs y tazas,Amor y pareja,Pack amor collage,Mockup,/assets/store/collage-amor-05-513.jpg,"Hola, Creaciones DM. Quiero cotizar este diseño del catálogo: Collage Amor 05. Tipo: Mugs y tazas. Ocasión: Amor y pareja."
collage-amor-05-514,Collage Amor 05,Mugs y tazas,Amor y pareja,Pack amor collage,Diseño,/assets/store/collage-amor-05-514.jpg,"Hola, Creaciones DM. Quiero cotizar este diseño del catálogo: Collage Amor 05. Tipo: Mugs y tazas. Ocasión: Amor y pareja."
collage-amor-06-515,Collage Amor 06,Mugs y tazas,Amor y pareja,Pack amor collage,Mockup,/assets/store/collage-amor-06-515.jpg,"Hola, Creaciones DM. Quiero cotizar este diseño del catálogo: Collage Amor 06. Tipo: Mugs y tazas. Ocasión: Amor y pareja."
collage-amor-06-516,Collage Amor 06,Mugs y tazas,Amor y pareja,Pack amor collage,Diseño,/assets/store/collage-amor-06-516.jpg,"Hola, Creaciones DM. Quiero cotizar este diseño del catálogo: Collage Amor 06. Tipo: Mugs y tazas. Ocasión: Amor y pareja."
collage-amor-07-517,Collage Amor 07,Mugs y tazas,Amor y pareja,Pack amor collage,Mockup,/assets/store/collage-amor-07-517.jpg,"Hola, Creaciones DM. Quiero cotizar este diseño del catálogo: Collage Amor 07. Tipo: Mugs y tazas. Ocasión: Amor y pareja."
collage-amor-07-518,Collage Amor 07,Mugs y tazas,Amor y pareja,Pack amor collage,Diseño,/assets/store/collage-amor-07-518.jpg,"Hola, Creaciones DM. Quiero cotizar este diseño del catálogo: Collage Amor 07. Tipo: Mugs y tazas. Ocasión: Amor y pareja."
collage-amor-08-519,Collage Amor 08,Mugs y tazas,Amor y pareja,Pack amor collage,Mockup,/assets/store/collage-amor-08-519.jpg,"Hola, Creaciones DM. Quiero cotizar este diseño del catálogo: Collage Amor 08. Tipo: Mugs y tazas. Ocasión: Amor y pareja."
collage-amor-08-520,Collage Amor 08,Mugs y tazas,Amor y pareja,Pack amor collage,Diseño,/assets/store/collage-amor-08-520.jpg,"Hola, Creaciones DM. Quiero cotizar este diseño del catálogo: Collage Amor 08. Tipo: Mugs y tazas. Ocasión: Amor y pareja."
collage-amor-09-521,Collage Amor 09,Mugs y tazas,Amor y pareja,Pack amor collage,Mockup,/assets/store/collage-amor-09-521.jpg,"Hola, Creaciones DM. Quiero cotizar este diseño del catálogo: Collage Amor 09. Tipo: Mugs y tazas. Ocasión: Amor y pareja."
collage-amor-09-522,Collage Amor 09,Mugs y tazas,Amor y pareja,Pack amor collage,Diseño,/assets/store/collage-amor-09-522.jpg,"Hola, Creaciones DM. Quiero cotizar este diseño del catálogo: Collage Amor 09. Tipo: Mugs y tazas. Ocasión: Amor y pareja."
collage-amor-10-523,Collage Amor 10,Mugs y tazas,Amor y pareja,Pack amor collage,Mockup,/assets/store/collage-amor-10-523.jpg,"Hola, Creaciones DM. Quiero cotizar este diseño del catálogo: Collage Amor 10. Tipo: Mugs y tazas. Ocasión: Amor y pareja."
collage-amor-10-524,Collage Amor 10,Mugs y tazas,Amor y pareja,Pack amor collage,Diseño,/assets/store/collage-amor-10-524.jpg,"Hola, Creaciones DM. Quiero cotizar este diseño del catálogo: Collage Amor 10. Tipo: Mugs y tazas. Ocasión: Amor y pareja."
collage-amor-11-525,Collage Amor 11,Mugs y tazas,Amor y pareja,Pack amor collage,Mockup,/assets/store/collage-amor-11-525.jpg,"Hola, Creaciones DM. Quiero cotizar este diseño del catálogo: Collage Amor 11. Tipo: Mugs y tazas. Ocasión: Amor y pareja."
collage-amor-11-526,Collage Amor 11,Mugs y tazas,Amor y pareja,Pack amor collage,Diseño,/assets/store/collage-amor-11-526.jpg,"Hola, Creaciones DM. Quiero cotizar este diseño del catálogo: Collage Amor 11. Tipo: Mugs y tazas. Ocasión: Amor y pareja."
collage-amor-12-527,Collage Amor 12,Mugs y tazas,Amor y pareja,Pack amor collage,Mockup,/assets/store/collage-amor-12-527.jpg,"Hola, Creaciones DM. Quiero cotizar este diseño del catálogo: Collage Amor 12. Tipo: Mugs y tazas. Ocasión: Amor y pareja."
collage-amor-12-528,Collage Amor 12,Mugs y tazas,Amor y pareja,Pack amor collage,Diseño,/assets/store/collage-amor-12-528.jpg,"Hola, Creaciones DM. Quiero cotizar este diseño del catálogo: Collage Amor 12. Tipo: Mugs y tazas. Ocasión: Amor y pareja."
collage-amor-13-529,Collage Amor 13,Mugs y tazas,Amor y pareja,Pack amor collage,Mockup,/assets/store/collage-amor-13-529.jpg,"Hola, Creaciones DM. Quiero cotizar este diseño del catálogo: Collage Amor 13. Tipo: Mugs y tazas. Ocasión: Amor y pareja."
collage-amor-13-530,Collage Amor 13,Mugs y tazas,Amor y pareja,Pack amor collage,Diseño,/assets/store/collage-amor-13-530.jpg,"Hola, Creaciones DM. Quiero cotizar este diseño del catálogo: Collage Amor 13. Tipo: Mugs y tazas. Ocasión: Amor y pareja."
collage-amor-14-531,Collage Amor 14,Mugs y tazas,Amor y pareja,Pack amor collage,Mockup,/assets/store/collage-amor-14-531.jpg,"Hola, Creaciones DM. Quiero cotizar este diseño del catálogo: Collage Amor 14. Tipo: Mugs y tazas. Ocasión: Amor y pareja."
collage-amor-14-532,Collage Amor 14,Mugs y tazas,Amor y pareja,Pack amor collage,Diseño,/assets/store/collage-amor-14-532.jpg,"Hola, Creaciones DM. Quiero cotizar este diseño del catálogo: Collage Amor 14. Tipo: Mugs y tazas. Ocasión: Amor y pareja."
collage-amor-15-533,Collage Amor 15,Mugs y tazas,Amor y pareja,Pack amor collage,Mockup,/assets/store/collage-amor-15-533.jpg,"Hola, Creaciones DM. Quiero cotizar este diseño del catálogo: Collage Amor 15. Tipo: Mugs y tazas. Ocasión: Amor y pareja."
collage-amor-15-534,Collage Amor 15,Mugs y tazas,Amor y pareja,Pack amor collage,Diseño,/assets/store/collage-amor-15-534.jpg,"Hola, Creaciones DM. Quiero cotizar este diseño del catálogo: Collage Amor 15. Tipo: Mugs y tazas. Ocasión: Amor y pareja."
mockups-collage-amor-01-535,MOCKUPS Collage Amor 01,Diseños para sublimación,Amor y pareja,Pack amor collage,Mockup,/assets/store/mockups-collage-amor-01-535.jpg,"Hola, Creaciones DM. Quiero cotizar este diseño del catálogo: MOCKUPS Collage Amor 01. Tipo: Diseños para sublimación. Ocasión: Amor y pareja."
mockups-collage-amor-02-536,MOCKUPS Collage Amor 02,Diseños para sublimación,Amor y pareja,Pack amor collage,Mockup,/assets/store/mockups-collage-amor-02-536.jpg,"Hola, Creaciones DM. Quiero cotizar este diseño del catálogo: MOCKUPS Collage Amor 02. Tipo: Diseños para sublimación. Ocasión: Amor y pareja."
mockups-collage-amor-03-537,MOCKUPS Collage Amor 03,Diseños para sublimación,Amor y pareja,Pack amor collage,Mockup,/assets/store/mockups-collage-amor-03-537.jpg,"Hola, Creaciones DM. Quiero cotizar este diseño del catálogo: MOCKUPS Collage Amor 03. Tipo: Diseños para sublimación. Ocasión: Amor y pareja."
mockups-collage-amor-04-538,MOCKUPS Collage Amor 04,Diseños para sublimación,Amor y pareja,Pack amor collage,Mockup,/assets/store/mockups-collage-amor-04-538.jpg,"Hola, Creaciones DM. Quiero cotizar este diseño del catálogo: MOCKUPS Collage Amor 04. Tipo: Diseños para sublimación. Ocasión: Amor y pareja."
mockups-collage-amor-05-539,MOCKUPS Collage Amor 05,Diseños para sublimación,Amor y pareja,Pack amor collage,Mockup,/assets/store/mockups-collage-amor-05-539.jpg,"Hola, Creaciones DM. Quiero cotizar este diseño del catálogo: MOCKUPS Collage Amor 05. Tipo: Diseños para sublimación. Ocasión: Amor y pareja."
mockups-collage-amor-06-540,MOCKUPS Collage Amor 06,Diseños para sublimación,Amor y pareja,Pack amor collage,Mockup,/assets/store/mockups-collage-amor-06-540.jpg,"Hola, Creaciones DM. Quiero cotizar este diseño del catálogo: MOCKUPS Collage Amor 06. Tipo: Diseños para sublimación. Ocasión: Amor y pareja."
mockups-collage-amor-07-541,MOCKUPS Collage Amor 07,Diseños para sublimación,Amor y pareja,Pack amor collage,Mockup,/assets/store/mockups-collage-amor-07-541.jpg,"Hola, Creaciones DM. Quiero cotizar este diseño del catálogo: MOCKUPS Collage Amor 07. Tipo: Diseños para sublimación. Ocasión: Amor y pareja."
mockups-collage-amor-08-542,MOCKUPS Collage Amor 08,Diseños para sublimación,Amor y pareja,Pack amor collage,Mockup,/assets/store/mockups-collage-amor-08-542.jpg,"Hola, Creaciones DM. Quiero cotizar este diseño del catálogo: MOCKUPS Collage Amor 08. Tipo: Diseños para sublimación. Ocasión: Amor y pareja."
mockups-collage-amor-09-543,MOCKUPS Collage Amor 09,Diseños para sublimación,Amor y pareja,Pack amor collage,Mockup,/assets/store/mockups-collage-amor-09-543.jpg,"Hola, Creaciones DM. Quiero cotizar este diseño del catálogo: MOCKUPS Collage Amor 09. Tipo: Diseños para sublimación. Ocasión: Amor y pareja."
mockups-collage-amor-10-544,MOCKUPS Collage Amor 10,Diseños para sublimación,Amor y pareja,Pack amor collage,Mockup,/assets/store/mockups-collage-amor-10-544.jpg,"Hola, Creaciones DM. Quiero cotizar este diseño del catálogo: MOCKUPS Collage Amor 10. Tipo: Diseños para sublimación. Ocasión: Amor y pareja."
mockups-collage-amor-11-545,MOCKUPS Collage Amor 11,Diseños para sublimación,Amor y pareja,Pack amor collage,Mockup,/assets/store/mockups-collage-amor-11-545.jpg,"Hola, Creaciones DM. Quiero cotizar este diseño del catálogo: MOCKUPS Collage Amor 11. Tipo: Diseños para sublimación. Ocasión: Amor y pareja."
mockups-collage-amor-12-546,MOCKUPS Collage Amor 12,Diseños para sublimación,Amor y pareja,Pack amor collage,Mockup,/assets/store/mockups-collage-amor-12-546.jpg,"Hola, Creaciones DM. Quiero cotizar este diseño del catálogo: MOCKUPS Collage Amor 12. Tipo: Diseños para sublimación. Ocasión: Amor y pareja."
mockups-collage-amor-13-547,MOCKUPS Collage Amor 13,Diseños para sublimación,Amor y pareja,Pack amor collage,Mockup,/assets/store/mockups-collage-amor-13-547.jpg,"Hola, Creaciones DM. Quiero cotizar este diseño del catálogo: MOCKUPS Collage Amor 13. Tipo: Diseños para sublimación. Ocasión: Amor y pareja."
mockups-collage-amor-14-548,MOCKUPS Collage Amor 14,Diseños para sublimación,Amor y pareja,Pack amor collage,Mockup,/assets/store/mockups-collage-amor-14-548.jpg,"Hola, Creaciones DM. Quiero cotizar este diseño del catálogo: MOCKUPS Collage Amor 14. Tipo: Diseños para sublimación. Ocasión: Amor y pareja."
mockups-collage-amor-15-549,MOCKUPS Collage Amor 15,Diseños para sublimación,Amor y pareja,Pack amor collage,Mockup,/assets/store/mockups-collage-amor-15-549.jpg,"Hola, Creaciones DM. Quiero cotizar este diseño del catálogo: MOCKUPS Collage Amor 15. Tipo: Diseños para sublimación. Ocasión: Amor y pareja."
2016-navidad-01-550,2016 Navidad 01,Mugs y tazas,Navidad,Pack tazones Navidad #4,Mockup,/assets/store/2016-navidad-01-550.jpg,"Hola, Creaciones DM. Quiero cotizar este diseño del catálogo: 2016 Navidad 01. Tipo: Mugs y tazas. Ocasión: Navidad."
2016-navidad-02-551,2016 Navidad 02,Mugs y tazas,Navidad,Pack tazones Navidad #4,Mockup,/assets/store/2016-navidad-02-551.jpg,"Hola, Creaciones DM. Quiero cotizar este diseño del catálogo: 2016 Navidad 02. Tipo: Mugs y tazas. Ocasión: Navidad."
2016-navidad-03-552,2016 Navidad 03,Mugs y tazas,Navidad,Pack tazones Navidad #4,Mockup,/assets/store/2016-navidad-03-552.jpg,"Hola, Creaciones DM. Quiero cotizar este diseño del catálogo: 2016 Navidad 03. Tipo: Mugs y tazas. Ocasión: Navidad."
2016-navidad-04-553,2016 Navidad 04,Mugs y tazas,Navidad,Pack tazones Navidad #4,Mockup,/assets/store/2016-navidad-04-553.jpg,"Hola, Creaciones DM. Quiero cotizar este diseño del catálogo: 2016 Navidad 04. Tipo: Mugs y tazas. Ocasión: Navidad."
2016-navidad-05-554,2016 Navidad 05,Mugs y tazas,Navidad,Pack tazones Navidad #4,Mockup,/assets/store/2016-navidad-05-554.jpg,"Hola, Creaciones DM. Quiero cotizar este diseño del catálogo: 2016 Navidad 05. Tipo: Mugs y tazas. Ocasión: Navidad."
2016-navidad-06-555,2016 Navidad 06,Mugs y tazas,Navidad,Pack tazones Navidad #4,Mockup,/assets/store/2016-navidad-06-555.jpg,"Hola, Creaciones DM. Quiero cotizar este diseño del catálogo: 2016 Navidad 06. Tipo: Mugs y tazas. Ocasión: Navidad."
2016-navidad-07-556,2016 Navidad 07,Mugs y tazas,Navidad,Pack tazones Navidad #4,Mockup,/assets/store/2016-navidad-07-556.jpg,"Hola, Creaciones DM. Quiero cotizar este diseño del catálogo: 2016 Navidad 07. Tipo: Mugs y tazas. Ocasión: Navidad."
2016-navidad-08-557,2016 Navidad 08,Mugs y tazas,Navidad,Pack tazones Navidad #4,Mockup,/assets/store/2016-navidad-08-557.jpg,"Hola, Creaciones DM. Quiero cotizar este diseño del catálogo: 2016 Navidad 08. Tipo: Mugs y tazas. Ocasión: Navidad."
2016-navidad-09-558,2016 Navidad 09,Mugs y tazas,Navidad,Pack tazones Navidad #4,Mockup,/assets/store/2016-navidad-09-558.jpg,"Hola, Creaciones DM. Quiero cotizar este diseño del catálogo: 2016 Navidad 09. Tipo: Mugs y tazas. Ocasión: Navidad."
2016-navidad-10-559,2016 Navidad 10,Mugs y tazas,Navidad,Pack tazones Navidad #4,Mockup,/assets/store/2016-navidad-10-559.jpg,"Hola, Creaciones DM. Quiero cotizar este diseño del catálogo: 2016 Navidad 10. Tipo: Mugs y tazas. Ocasión: Navidad."
2016-navidad-11-560,2016 Navidad 11,Mugs y tazas,Navidad,Pack tazones Navidad #4,Mockup,/assets/store/2016-navidad-11-560.jpg,"Hola, Creaciones DM. Quiero cotizar este diseño del catálogo: 2016 Navidad 11. Tipo: Mugs y tazas. Ocasión: Navidad."
2016-navidad-12-561,2016 Navidad 12,Mugs y tazas,Navidad,Pack tazones Navidad #4,Mockup,/assets/store/2016-navidad-12-561.jpg,"Hola, Creaciones DM. Quiero cotizar este diseño del catálogo: 2016 Navidad 12. Tipo: Mugs y tazas. Ocasión: Navidad."
2016-navidad-13-562,2016 Navidad 13,Mugs y tazas,Navidad,Pack tazones Navidad #4,Mockup,/assets/store/2016-navidad-13-562.jpg,"Hola, Creaciones DM. Quiero cotizar este diseño del catálogo: 2016 Navidad 13. Tipo: Mugs y tazas. Ocasión: Navidad."
2016-navidad-14-563,2016 Navidad 14,Mugs y tazas,Navidad,Pack tazones Navidad #4,Mockup,/assets/store/2016-navidad-14-563.jpg,"Hola, Creaciones DM. Quiero cotizar este diseño del catálogo: 2016 Navidad 14. Tipo: Mugs y tazas. Ocasión: Navidad."
2016-navidad-15-564,2016 Navidad 15,Mugs y tazas,Navidad,Pack tazones Navidad #4,Mockup,/assets/store/2016-navidad-15-564.jpg,"Hola, Creaciones DM. Quiero cotizar este diseño del catálogo: 2016 Navidad 15. Tipo: Mugs y tazas. Ocasión: Navidad."
2016-navidad-16-565,2016 Navidad 16,Mugs y tazas,Navidad,Pack tazones Navidad #4,Mockup,/assets/store/2016-navidad-16-565.jpg,"Hola, Creaciones DM. Quiero cotizar este diseño del catálogo: 2016 Navidad 16. Tipo: Mugs y tazas. Ocasión: Navidad."
2016-navidad-17-566,2016 Navidad 17,Mugs y tazas,Navidad,Pack tazones Navidad #4,Mockup,/assets/store/2016-navidad-17-566.jpg,"Hola, Creaciones DM. Quiero cotizar este diseño del catálogo: 2016 Navidad 17. Tipo: Mugs y tazas. Ocasión: Navidad."
2016-navidad-18-567,2016 Navidad 18,Mugs y tazas,Navidad,Pack tazones Navidad #4,Mockup,/assets/store/2016-navidad-18-567.jpg,"Hola, Creaciones DM. Quiero cotizar este diseño del catálogo: 2016 Navidad 18. Tipo: Mugs y tazas. Ocasión: Navidad."
2016-navidad-19-568,2016 Navidad 19,Mugs y tazas,Navidad,Pack tazones Navidad #4,Mockup,/assets/store/2016-navidad-19-568.jpg,"Hola, Creaciones DM. Quiero cotizar este diseño del catálogo: 2016 Navidad 19. Tipo: Mugs y tazas. Ocasión: Navidad."
2016-navidad-20-569,2016 Navidad 20,Mugs y tazas,Navidad,Pack tazones Navidad #4,Mockup,/assets/store/2016-navidad-20-569.jpg,"Hola, Creaciones DM. Quiero cotizar este diseño del catálogo: 2016 Navidad 20. Tipo: Mugs y tazas. Ocasión: Navidad."
2016-navidad-21-570,2016 Navidad 21,Mugs y tazas,Navidad,Pack tazones Navidad #4,Mockup,/assets/store/2016-navidad-21-570.jpg,"Hola, Creaciones DM. Quiero cotizar este diseño del catálogo: 2016 Navidad 21. Tipo: Mugs y tazas. Ocasión: Navidad."
2016-navidad-22-571,2016 Navidad 22,Mugs y tazas,Navidad,Pack tazones Navidad #4,Mockup,/assets/store/2016-navidad-22-571.jpg,"Hola, Creaciones DM. Quiero cotizar este diseño del catálogo: 2016 Navidad 22. Tipo: Mugs y tazas. Ocasión: Navidad."
2016-navidad-23-572,2016 Navidad 23,Mugs y tazas,Navidad,Pack tazones Navidad #4,Mockup,/assets/store/2016-navidad-23-572.jpg,"Hola, Creaciones DM. Quiero cotizar este diseño del catálogo: 2016 Navidad 23. Tipo: Mugs y tazas. Ocasión: Navidad."
2016-navidad-24-573,2016 Navidad 24,Mugs y tazas,Navidad,Pack tazones Navidad #4,Mockup,/assets/store/2016-navidad-24-573.jpg,"Hola, Creaciones DM. Quiero cotizar este diseño del catálogo: 2016 Navidad 24. Tipo: Mugs y tazas. Ocasión: Navidad."
2016-navidad-25-574,2016 Navidad 25,Mugs y tazas,Navidad,Pack tazones Navidad #4,Mockup,/assets/store/2016-navidad-25-574.jpg,"Hola, Creaciones DM. Quiero cotizar este diseño del catálogo: 2016 Navidad 25. Tipo: Mugs y tazas. Ocasión: Navidad."
2016-navidad-26-575,2016 Navidad 26,Mugs y tazas,Navidad,Pack tazones Navidad #4,Mockup,/assets/store/2016-navidad-26-575.jpg,"Hola, Creaciones DM. Quiero cotizar este diseño del catálogo: 2016 Navidad 26. Tipo: Mugs y tazas. Ocasión: Navidad."
2016-navidad-27-576,2016 Navidad 27,Mugs y tazas,Navidad,Pack tazones Navidad #4,Mockup,/assets/store/2016-navidad-27-576.jpg,"Hola, Creaciones DM. Quiero cotizar este diseño del catálogo: 2016 Navidad 27. Tipo: Mugs y tazas. Ocasión: Navidad."
2016-navidad-28-577,2016 Navidad 28,Mugs y tazas,Navidad,Pack tazones Navidad #4,Mockup,/assets/store/2016-navidad-28-577.jpg,"Hola, Creaciones DM. Quiero cotizar este diseño del catálogo: 2016 Navidad 28. Tipo: Mugs y tazas. Ocasión: Navidad."
2016-navidad-29-578,2016 Navidad 29,Mugs y tazas,Navidad,Pack tazones Navidad #4,Mockup,/assets/store/2016-navidad-29-578.jpg,"Hola, Creaciones DM. Quiero cotizar este diseño del catálogo: 2016 Navidad 29. Tipo: Mugs y tazas. Ocasión: Navidad."
2016-navidad-30-579,2016 Navidad 30,Mugs y tazas,Navidad,Pack tazones Navidad #4,Mockup,/assets/store/2016-navidad-30-579.jpg,"Hola, Creaciones DM. Quiero cotizar este diseño del catálogo: 2016 Navidad 30. Tipo: Mugs y tazas. Ocasión: Navidad."
2016-navidad-01-580,2016 Navidad 01,Mugs y tazas,Navidad,Pack tazones Navidad #4,Diseño,/assets/store/2016-navidad-01-580.jpg,"Hola, Creaciones DM. Quiero cotizar este diseño del catálogo: 2016 Navidad 01. Tipo: Mugs y tazas. Ocasión: Navidad."
2016-navidad-02-581,2016 Navidad 02,Mugs y tazas,Navidad,Pack tazones Navidad #4,Diseño,/assets/store/2016-navidad-02-581.jpg,"Hola, Creaciones DM. Quiero cotizar este diseño del catálogo: 2016 Navidad 02. Tipo: Mugs y tazas. Ocasión: Navidad."
2016-navidad-03-582,2016 Navidad 03,Mugs y tazas,Navidad,Pack tazones Navidad #4,Mockup,/assets/store/2016-navidad-03-582.jpg,"Hola, Creaciones DM. Quiero cotizar este diseño del catálogo: 2016 Navidad 03. Tipo: Mugs y tazas. Ocasión: Navidad."
2016-navidad-03-583,2016 Navidad 03,Mugs y tazas,Navidad,Pack tazones Navidad #4,Diseño,/assets/store/2016-navidad-03-583.jpg,"Hola, Creaciones DM. Quiero cotizar este diseño del catálogo: 2016 Navidad 03. Tipo: Mugs y tazas. Ocasión: Navidad."
2016-navidad-04-584,2016 Navidad 04,Mugs y tazas,Navidad,Pack tazones Navidad #4,Diseño,/assets/store/2016-navidad-04-584.jpg,"Hola, Creaciones DM. Quiero cotizar este diseño del catálogo: 2016 Navidad 04. Tipo: Mugs y tazas. Ocasión: Navidad."
2016-navidad-05-585,2016 Navidad 05,Mugs y tazas,Navidad,Pack tazones Navidad #4,Mockup,/assets/store/2016-navidad-05-585.jpg,"Hola, Creaciones DM. Quiero cotizar este diseño del catálogo: 2016 Navidad 05. Tipo: Mugs y tazas. Ocasión: Navidad."
2016-navidad-05-586,2016 Navidad 05,Mugs y tazas,Navidad,Pack tazones Navidad #4,Diseño,/assets/store/2016-navidad-05-586.jpg,"Hola, Creaciones DM. Quiero cotizar este diseño del catálogo: 2016 Navidad 05. Tipo: Mugs y tazas. Ocasión: Navidad."
2016-navidad-06-587,2016 Navidad 06,Mugs y tazas,Navidad,Pack tazones Navidad #4,Mockup,/assets/store/2016-navidad-06-587.jpg,"Hola, Creaciones DM. Quiero cotizar este diseño del catálogo: 2016 Navidad 06. Tipo: Mugs y tazas. Ocasión: Navidad."
2016-navidad-06-588,2016 Navidad 06,Mugs y tazas,Navidad,Pack tazones Navidad #4,Diseño,/assets/store/2016-navidad-06-588.jpg,"Hola, Creaciones DM. Quiero cotizar este diseño del catálogo: 2016 Navidad 06. Tipo: Mugs y tazas. Ocasión: Navidad."
2016-navidad-07-589,2016 Navidad 07,Mugs y tazas,Navidad,Pack tazones Navidad #4,Mockup,/assets/store/2016-navidad-07-589.jpg,"Hola, Creaciones DM. Quiero cotizar este diseño del catálogo: 2016 Navidad 07. Tipo: Mugs y tazas. Ocasión: Navidad."
2016-navidad-07-590,2016 Navidad 07,Mugs y tazas,Navidad,Pack tazones Navidad #4,Diseño,/assets/store/2016-navidad-07-590.jpg,"Hola, Creaciones DM. Quiero cotizar este diseño del catálogo: 2016 Navidad 07. Tipo: Mugs y tazas. Ocasión: Navidad."
2016-navidad-08-591,2016 Navidad 08,Mugs y tazas,Navidad,Pack tazones Navidad #4,Mockup,/assets/store/2016-navidad-08-591.jpg,"Hola, Creaciones DM. Quiero cotizar este diseño del catálogo: 2016 Navidad 08. Tipo: Mugs y tazas. Ocasión: Navidad."
2016-navidad-08-592,2016 Navidad 08,Mugs y tazas,Navidad,Pack tazones Navidad #4,Diseño,/assets/store/2016-navidad-08-592.jpg,"Hola, Creaciones DM. Quiero cotizar este diseño del catálogo: 2016 Navidad 08. Tipo: Mugs y tazas. Ocasión: Navidad."
2016-navidad-09-593,2016 Navidad 09,Mugs y tazas,Navidad,Pack tazones Navidad #4,Mockup,/assets/store/2016-navidad-09-593.jpg,"Hola, Creaciones DM. Quiero cotizar este diseño del catálogo: 2016 Navidad 09. Tipo: Mugs y tazas. Ocasión: Navidad."
2016-navidad-09-594,2016 Navidad 09,Mugs y tazas,Navidad,Pack tazones Navidad #4,Diseño,/assets/store/2016-navidad-09-594.jpg,"Hola, Creaciones DM. Quiero cotizar este diseño del catálogo: 2016 Navidad 09. Tipo: Mugs y tazas. Ocasión: Navidad."
2016-navidad-10-595,2016 Navidad 10,Mugs y tazas,Navidad,Pack tazones Navidad #4,Mockup,/assets/store/2016-navidad-10-595.jpg,"Hola, Creaciones DM. Quiero cotizar este diseño del catálogo: 2016 Navidad 10. Tipo: Mugs y tazas. Ocasión: Navidad."
2016-navidad-10-596,2016 Navidad 10,Mugs y tazas,Navidad,Pack tazones Navidad #4,Diseño,/assets/store/2016-navidad-10-596.jpg,"Hola, Creaciones DM. Quiero cotizar este diseño del catálogo: 2016 Navidad 10. Tipo: Mugs y tazas. Ocasión: Navidad."
2016-navidad-11-597,2016 Navidad 11,Mugs y tazas,Navidad,Pack tazones Navidad #4,Mockup,/assets/store/2016-navidad-11-597.jpg,"Hola, Creaciones DM. Quiero cotizar este diseño del catálogo: 2016 Navidad 11. Tipo: Mugs y tazas. Ocasión: Navidad."
2016-navidad-11-598,2016 Navidad 11,Mugs y tazas,Navidad,Pack tazones Navidad #4,Diseño,/assets/store/2016-navidad-11-598.jpg,"Hola, Creaciones DM. Quiero cotizar este diseño del catálogo: 2016 Navidad 11. Tipo: Mugs y tazas. Ocasión: Navidad."
2016-navidad-12-599,2016 Navidad 12,Mugs y tazas,Navidad,Pack tazones Navidad #4,Mockup,/assets/store/2016-navidad-12-599.jpg,"Hola, Creaciones DM. Quiero cotizar este diseño del catálogo: 2016 Navidad 12. Tipo: Mugs y tazas. Ocasión: Navidad."
2016-navidad-12-600,2016 Navidad 12,Mugs y tazas,Navidad,Pack tazones Navidad #4,Diseño,/assets/store/2016-navidad-12-600.jpg,"Hola, Creaciones DM. Quiero cotizar este diseño del catálogo: 2016 Navidad 12. Tipo: Mugs y tazas. Ocasión: Navidad."
2016-navidad-13-601,2016 Navidad 13,Mugs y tazas,Navidad,Pack tazones Navidad #4,Mockup,/assets/store/2016-navidad-13-601.jpg,"Hola, Creaciones DM. Quiero cotizar este diseño del catálogo: 2016 Navidad 13. Tipo: Mugs y tazas. Ocasión: Navidad."
2016-navidad-13-602,2016 Navidad 13,Mugs y tazas,Navidad,Pack tazones Navidad #4,Diseño,/assets/store/2016-navidad-13-602.jpg,"Hola, Creaciones DM. Quiero cotizar este diseño del catálogo: 2016 Navidad 13. Tipo: Mugs y tazas. Ocasión: Navidad."
2016-navidad-14-603,2016 Navidad 14,Mugs y tazas,Navidad,Pack tazones Navidad #4,Mockup,/assets/store/2016-navidad-14-603.jpg,"Hola, Creaciones DM. Quiero cotizar este diseño del catálogo: 2016 Navidad 14. Tipo: Mugs y tazas. Ocasión: Navidad."
2016-navidad-14-604,2016 Navidad 14,Mugs y tazas,Navidad,Pack tazones Navidad #4,Diseño,/assets/store/2016-navidad-14-604.jpg,"Hola, Creaciones DM. Quiero cotizar este diseño del catálogo: 2016 Navidad 14. Tipo: Mugs y tazas. Ocasión: Navidad."
2016-navidad-15-605,2016 Navidad 15,Mugs y tazas,Navidad,Pack tazones Navidad #4,Diseño,/assets/store/2016-navidad-15-605.jpg,"Hola, Creaciones DM. Quiero cotizar este diseño del catálogo: 2016 Navidad 15. Tipo: Mugs y tazas. Ocasión: Navidad."
2016-navidad-16-606,2016 Navidad 16,Mugs y tazas,Navidad,Pack tazones Navidad #4,Diseño,/assets/store/2016-navidad-16-606.jpg,"Hola, Creaciones DM. Quiero cotizar este diseño del catálogo: 2016 Navidad 16. Tipo: Mugs y tazas. Ocasión: Navidad."
2016-navidad-17-607,2016 Navidad 17,Mugs y tazas,Navidad,Pack tazones Navidad #4,Diseño,/assets/store/2016-navidad-17-607.jpg,"Hola, Creaciones DM. Quiero cotizar este diseño del catálogo: 2016 Navidad 17. Tipo: Mugs y tazas. Ocasión: Navidad."
2016-navidad-18-608,2016 Navidad 18,Mugs y tazas,Navidad,Pack tazones Navidad #4,Diseño,/assets/store/2016-navidad-18-608.jpg,"Hola, Creaciones DM. Quiero cotizar este diseño del catálogo: 2016 Navidad 18. Tipo: Mugs y tazas. Ocasión: Navidad."
2016-navidad-19-609,2016 Navidad 19,Mugs y tazas,Navidad,Pack tazones Navidad #4,Diseño,/assets/store/2016-navidad-19-609.jpg,"Hola, Creaciones DM. Quiero cotizar este diseño del catálogo: 2016 Navidad 19. Tipo: Mugs y tazas. Ocasión: Navidad."
2016-navidad-20-610,2016 Navidad 20,Mugs y tazas,Navidad,Pack tazones Navidad #4,Diseño,/assets/store/2016-navidad-20-610.jpg,"Hola, Creaciones DM. Quiero cotizar este diseño del catálogo: 2016 Navidad 20. Tipo: Mugs y tazas. Ocasión: Navidad."
2016-navidad-21-611,2016 Navidad 21,Mugs y tazas,Navidad,Pack tazones Navidad #4,Diseño,/assets/store/2016-navidad-21-611.jpg,"Hola, Creaciones DM. Quiero cotizar este diseño del catálogo: 2016 Navidad 21. Tipo: Mugs y tazas. Ocasión: Navidad."
2016-navidad-22-612,2016 Navidad 22,Mugs y tazas,Navidad,Pack tazones Navidad #4,Diseño,/assets/store/2016-navidad-22-612.jpg,"Hola, Creaciones DM. Quiero cotizar este diseño del catálogo: 2016 Navidad 22. Tipo: Mugs y tazas. Ocasión: Navidad."
2016-navidad-23-613,2016 Navidad 23,Mugs y tazas,Navidad,Pack tazones Navidad #4,Diseño,/assets/store/2016-navidad-23-613.jpg,"Hola, Creaciones DM. Quiero cotizar este diseño del catálogo: 2016 Navidad 23. Tipo: Mugs y tazas. Ocasión: Navidad."
2016-navidad-24-614,2016 Navidad 24,Mugs y tazas,Navidad,Pack tazones Navidad #4,Diseño,/assets/store/2016-navidad-24-614.jpg,"Hola, Creaciones DM. Quiero cotizar este diseño del catálogo: 2016 Navidad 24. Tipo: Mugs y tazas. Ocasión: Navidad."
2016-navidad-25-615,2016 Navidad 25,Mugs y tazas,Navidad,Pack tazones Navidad #4,Mockup,/assets/store/2016-navidad-25-615.jpg,"Hola, Creaciones DM. Quiero cotizar este diseño del catálogo: 2016 Navidad 25. Tipo: Mugs y tazas. Ocasión: Navidad."
2016-navidad-25-616,2016 Navidad 25,Mugs y tazas,Navidad,Pack tazones Navidad #4,Diseño,/assets/store/2016-navidad-25-616.jpg,"Hola, Creaciones DM. Quiero cotizar este diseño del catálogo: 2016 Navidad 25. Tipo: Mugs y tazas. Ocasión: Navidad."
2016-navidad-26-617,2016 Navidad 26,Mugs y tazas,Navidad,Pack tazones Navidad #4,Mockup,/assets/store/2016-navidad-26-617.jpg,"Hola, Creaciones DM. Quiero cotizar este diseño del catálogo: 2016 Navidad 26. Tipo: Mugs y tazas. Ocasión: Navidad."
2016-navidad-26-618,2016 Navidad 26,Mugs y tazas,Navidad,Pack tazones Navidad #4,Diseño,/assets/store/2016-navidad-26-618.jpg,"Hola, Creaciones DM. Quiero cotizar este diseño del catálogo: 2016 Navidad 26. Tipo: Mugs y tazas. Ocasión: Navidad."
2016-navidad-27-619,2016 Navidad 27,Mugs y tazas,Navidad,Pack tazones Navidad #4,Mockup,/assets/store/2016-navidad-27-619.jpg,"Hola, Creaciones DM. Quiero cotizar este diseño del catálogo: 2016 Navidad 27. Tipo: Mugs y tazas. Ocasión: Navidad."
2016-navidad-27-620,2016 Navidad 27,Mugs y tazas,Navidad,Pack tazones Navidad #4,Diseño,/assets/store/2016-navidad-27-620.jpg,"Hola, Creaciones DM. Quiero cotizar este diseño del catálogo: 2016 Navidad 27. Tipo: Mugs y tazas. Ocasión: Navidad."
2016-navidad-28-621,2016 Navidad 28,Mugs y tazas,Navidad,Pack tazones Navidad #4,Mockup,/assets/store/2016-navidad-28-621.jpg,"Hola, Creaciones DM. Quiero cotizar este diseño del catálogo: 2016 Navidad 28. Tipo: Mugs y tazas. Ocasión: Navidad."
2016-navidad-28-622,2016 Navidad 28,Mugs y tazas,Navidad,Pack tazones Navidad #4,Diseño,/assets/store/2016-navidad-28-622.jpg,"Hola, Creaciones DM. Quiero cotizar este diseño del catálogo: 2016 Navidad 28. Tipo: Mugs y tazas. Ocasión: Navidad."
2016-navidad-29-623,2016 Navidad 29,Mugs y tazas,Navidad,Pack tazones Navidad #4,Mockup,/assets/store/2016-navidad-29-623.jpg,"Hola, Creaciones DM. Quiero cotizar este diseño del catálogo: 2016 Navidad 29. Tipo: Mugs y tazas. Ocasión: Navidad."
2016-navidad-29-624,2016 Navidad 29,Mugs y tazas,Navidad,Pack tazones Navidad #4,Diseño,/assets/store/2016-navidad-29-624.jpg,"Hola, Creaciones DM. Quiero cotizar este diseño del catálogo: 2016 Navidad 29. Tipo: Mugs y tazas. Ocasión: Navidad."
2016-navidad-30-625,2016 Navidad 30,Mugs y tazas,Navidad,Pack tazones Navidad #4,Diseño,/assets/store/2016-navidad-30-625.jpg,"Hola, Creaciones DM. Quiero cotizar este diseño del catálogo: 2016 Navidad 30. Tipo: Mugs y tazas. Ocasión: Navidad."
navidad-1-626,Navidad 1,Mugs y tazas,Navidad,Pack tazones Navidad #5,Mockup,/assets/store/navidad-1-626.jpg,"Hola, Creaciones DM. Quiero cotizar este diseño del catálogo: Navidad 1. Tipo: Mugs y tazas. Ocasión: Navidad."
navidad-10-627,Navidad 10,Mugs y tazas,Navidad,Pack tazones Navidad #5,Mockup,/assets/store/navidad-10-627.jpg,"Hola, Creaciones DM. Quiero cotizar este diseño del catálogo: Navidad 10. Tipo: Mugs y tazas. Ocasión: Navidad."
navidad-11-628,Navidad 11,Mugs y tazas,Navidad,Pack tazones Navidad #5,Mockup,/assets/store/navidad-11-628.jpg,"Hola, Creaciones DM. Quiero cotizar este diseño del catálogo: Navidad 11. Tipo: Mugs y tazas. Ocasión: Navidad."
navidad-12-629,Navidad 12,Mugs y tazas,Navidad,Pack tazones Navidad #5,Mockup,/assets/store/navidad-12-629.jpg,"Hola, Creaciones DM. Quiero cotizar este diseño del catálogo: Navidad 12. Tipo: Mugs y tazas. Ocasión: Navidad."
navidad-13-630,Navidad 13,Mugs y tazas,Navidad,Pack tazones Navidad #5,Mockup,/assets/store/navidad-13-630.jpg,"Hola, Creaciones DM. Quiero cotizar este diseño del catálogo: Navidad 13. Tipo: Mugs y tazas. Ocasión: Navidad."
navidad-14-631,Navidad 14,Mugs y tazas,Navidad,Pack tazones Navidad #5,Mockup,/assets/store/navidad-14-631.jpg,"Hola, Creaciones DM. Quiero cotizar este diseño del catálogo: Navidad 14. Tipo: Mugs y tazas. Ocasión: Navidad."
navidad-15-632,Navidad 15,Mugs y tazas,Navidad,Pack tazones Navidad #5,Mockup,/assets/store/navidad-15-632.jpg,"Hola, Creaciones DM. Quiero cotizar este diseño del catálogo: Navidad 15. Tipo: Mugs y tazas. Ocasión: Navidad."
navidad-2-633,Navidad 2,Mugs y tazas,Navidad,Pack tazones Navidad #5,Mockup,/assets/store/navidad-2-633.jpg,"Hola, Creaciones DM. Quiero cotizar este diseño del catálogo: Navidad 2. Tipo: Mugs y tazas. Ocasión: Navidad."
navidad-3-634,Navidad 3,Mugs y tazas,Navidad,Pack tazones Navidad #5,Mockup,/assets/store/navidad-3-634.jpg,"Hola, Creaciones DM. Quiero cotizar este diseño del catálogo: Navidad 3. Tipo: Mugs y tazas. Ocasión: Navidad."
navidad-4-635,Navidad 4,Mugs y tazas,Navidad,Pack tazones Navidad #5,Mockup,/assets/store/navidad-4-635.jpg,"Hola, Creaciones DM. Quiero cotizar este diseño del catálogo: Navidad 4. Tipo: Mugs y tazas. Ocasión: Navidad."
navidad-5-636,Navidad 5,Mugs y tazas,Navidad,Pack tazones Navidad #5,Mockup,/assets/store/navidad-5-636.jpg,"Hola, Creaciones DM. Quiero cotizar este diseño del catálogo: Navidad 5. Tipo: Mugs y tazas. Ocasión: Navidad."
navidad-6-637,Navidad 6,Mugs y tazas,Navidad,Pack tazones Navidad #5,Mockup,/assets/store/navidad-6-637.jpg,"Hola, Creaciones DM. Quiero cotizar este diseño del catálogo: Navidad 6. Tipo: Mugs y tazas. Ocasión: Navidad."
navidad-7-638,Navidad 7,Mugs y tazas,Navidad,Pack tazones Navidad #5,Mockup,/assets/store/navidad-7-638.jpg,"Hola, Creaciones DM. Quiero cotizar este diseño del catálogo: Navidad 7. Tipo: Mugs y tazas. Ocasión: Navidad."
navidad-8-639,Navidad 8,Mugs y tazas,Navidad,Pack tazones Navidad #5,Mockup,/assets/store/navidad-8-639.jpg,"Hola, Creaciones DM. Quiero cotizar este diseño del catálogo: Navidad 8. Tipo: Mugs y tazas. Ocasión: Navidad."
navidad-9-640,Navidad 9,Mugs y tazas,Navidad,Pack tazones Navidad #5,Mockup,/assets/store/navidad-9-640.jpg,"Hola, Creaciones DM. Quiero cotizar este diseño del catálogo: Navidad 9. Tipo: Mugs y tazas. Ocasión: Navidad."
navidad-01-641,Navidad 01,Mugs y tazas,Navidad,Pack tazones Navidad #5,Diseño,/assets/store/navidad-01-641.jpg,"Hola, Creaciones DM. Quiero cotizar este diseño del catálogo: Navidad 01. Tipo: Mugs y tazas. Ocasión: Navidad."
navidad-02-642,Navidad 02,Mugs y tazas,Navidad,Pack tazones Navidad #5,Diseño,/assets/store/navidad-02-642.jpg,"Hola, Creaciones DM. Quiero cotizar este diseño del catálogo: Navidad 02. Tipo: Mugs y tazas. Ocasión: Navidad."
navidad-03-643,Navidad 03,Mugs y tazas,Navidad,Pack tazones Navidad #5,Diseño,/assets/store/navidad-03-643.jpg,"Hola, Creaciones DM. Quiero cotizar este diseño del catálogo: Navidad 03. Tipo: Mugs y tazas. Ocasión: Navidad."
navidad-04-644,Navidad 04,Mugs y tazas,Navidad,Pack tazones Navidad #5,Diseño,/assets/store/navidad-04-644.jpg,"Hola, Creaciones DM. Quiero cotizar este diseño del catálogo: Navidad 04. Tipo: Mugs y tazas. Ocasión: Navidad."
navidad-05-645,Navidad 05,Mugs y tazas,Navidad,Pack tazones Navidad #5,Diseño,/assets/store/navidad-05-645.jpg,"Hola, Creaciones DM. Quiero cotizar este diseño del catálogo: Navidad 05. Tipo: Mugs y tazas. Ocasión: Navidad."
navidad-06-646,Navidad 06,Mugs y tazas,Navidad,Pack tazones Navidad #5,Diseño,/assets/store/navidad-06-646.jpg,"Hola, Creaciones DM. Quiero cotizar este diseño del catálogo: Navidad 06. Tipo: Mugs y tazas. Ocasión: Navidad."
navidad-07-647,Navidad 07,Mugs y tazas,Navidad,Pack tazones Navidad #5,Diseño,/assets/store/navidad-07-647.jpg,"Hola, Creaciones DM. Quiero cotizar este diseño del catálogo: Navidad 07. Tipo: Mugs y tazas. Ocasión: Navidad."
navidad-08-648,Navidad 08,Mugs y tazas,Navidad,Pack tazones Navidad #5,Diseño,/assets/store/navidad-08-648.jpg,"Hola, Creaciones DM. Quiero cotizar este diseño del catálogo: Navidad 08. Tipo: Mugs y tazas. Ocasión: Navidad."
navidad-09-649,Navidad 09,Mugs y tazas,Navidad,Pack tazones Navidad #5,Diseño,/assets/store/navidad-09-649.jpg,"Hola, Creaciones DM. Quiero cotizar este diseño del catálogo: Navidad 09. Tipo: Mugs y tazas. Ocasión: Navidad."
navidad-10-650,Navidad 10,Mugs y tazas,Navidad,Pack tazones Navidad #5,Diseño,/assets/store/navidad-10-650.jpg,"Hola, Creaciones DM. Quiero cotizar este diseño del catálogo: Navidad 10. Tipo: Mugs y tazas. Ocasión: Navidad."
navidad-11-651,Navidad 11,Mugs y tazas,Navidad,Pack tazones Navidad #5,Diseño,/assets/store/navidad-11-651.jpg,"Hola, Creaciones DM. Quiero cotizar este diseño del catálogo: Navidad 11. Tipo: Mugs y tazas. Ocasión: Navidad."
navidad-12-652,Navidad 12,Mugs y tazas,Navidad,Pack tazones Navidad #5,Diseño,/assets/store/navidad-12-652.jpg,"Hola, Creaciones DM. Quiero cotizar este diseño del catálogo: Navidad 12. Tipo: Mugs y tazas. Ocasión: Navidad."
navidad-13-653,Navidad 13,Mugs y tazas,Navidad,Pack tazones Navidad #5,Diseño,/assets/store/navidad-13-653.jpg,"Hola, Creaciones DM. Quiero cotizar este diseño del catálogo: Navidad 13. Tipo: Mugs y tazas. Ocasión: Navidad."
navidad-14-654,Navidad 14,Mugs y tazas,Navidad,Pack tazones Navidad #5,Diseño,/assets/store/navidad-14-654.jpg,"Hola, Creaciones DM. Quiero cotizar este diseño del catálogo: Navidad 14. Tipo: Mugs y tazas. Ocasión: Navidad."
navidad-15-655,Navidad 15,Mugs y tazas,Navidad,Pack tazones Navidad #5,Diseño,/assets/store/navidad-15-655.jpg,"Hola, Creaciones DM. Quiero cotizar este diseño del catálogo: Navidad 15. Tipo: Mugs y tazas. Ocasión: Navidad."
profesiones-pack2-21-bacteriologo-2-656,Profesiones Pack2 21 Bacteriologo 2,Mugs y tazas,Profesiones,Packs profesiones especiales,Diseño,/assets/store/profesiones-pack2-21-bacteriologo-2-656.jpg,"Hola, Creaciones DM. Quiero cotizar este diseño del catálogo: Profesiones Pack2 21 Bacteriologo 2. Tipo: Mugs y tazas. Ocasión: Profesiones."
profesiones-pack2-22-bacteriologa-2-657,Profesiones Pack2 22 BACTERIOLOGA 2,Mugs y tazas,Profesiones,Packs profesiones especiales,Diseño,/assets/store/profesiones-pack2-22-bacteriologa-2-657.jpg,"Hola, Creaciones DM. Quiero cotizar este diseño del catálogo: Profesiones Pack2 22 BACTERIOLOGA 2. Tipo: Mugs y tazas. Ocasión: Profesiones."
akkenstudio-141118-01-658,AkkenStudio 141118 01,Mugs y tazas,Ilustrados,Tazas ilustradas,Diseño,/assets/store/akkenstudio-141118-01-658.jpg,"Hola, Creaciones DM. Quiero cotizar este diseño del catálogo: AkkenStudio 141118 01. Tipo: Mugs y tazas. Ocasión: Ilustrados."
akkenstudio-141118-02-659,AkkenStudio 141118 02,Mugs y tazas,Ilustrados,Tazas ilustradas,Diseño,/assets/store/akkenstudio-141118-02-659.jpg,"Hola, Creaciones DM. Quiero cotizar este diseño del catálogo: AkkenStudio 141118 02. Tipo: Mugs y tazas. Ocasión: Ilustrados."
akkenstudio-141118-03-660,AkkenStudio 141118 03,Mugs y tazas,Ilustrados,Tazas ilustradas,Diseño,/assets/store/akkenstudio-141118-03-660.jpg,"Hola, Creaciones DM. Quiero cotizar este diseño del catálogo: AkkenStudio 141118 03. Tipo: Mugs y tazas. Ocasión: Ilustrados."
akkenstudio-141118-04-661,AkkenStudio 141118 04,Mugs y tazas,Ilustrados,Tazas ilustradas,Diseño,/assets/store/akkenstudio-141118-04-661.jpg,"Hola, Creaciones DM. Quiero cotizar este diseño del catálogo: AkkenStudio 141118 04. Tipo: Mugs y tazas. Ocasión: Ilustrados."
akkenstudio-141118-05-662,AkkenStudio 141118 05,Mugs y tazas,Ilustrados,Tazas ilustradas,Diseño,/assets/store/akkenstudio-141118-05-662.jpg,"Hola, Creaciones DM. Quiero cotizar este diseño del catálogo: AkkenStudio 141118 05. Tipo: Mugs y tazas. Ocasión: Ilustrados."
akkenstudio-141118-06-663,AkkenStudio 141118 06,Mugs y tazas,Ilustrados,Tazas ilustradas,Diseño,/assets/store/akkenstudio-141118-06-663.jpg,"Hola, Creaciones DM. Quiero cotizar este diseño del catálogo: AkkenStudio 141118 06. Tipo: Mugs y tazas. Ocasión: Ilustrados."
akkenstudio-141118-07-664,AkkenStudio 141118 07,Mugs y tazas,Ilustrados,Tazas ilustradas,Diseño,/assets/store/akkenstudio-141118-07-664.jpg,"Hola, Creaciones DM. Quiero cotizar este diseño del catálogo: AkkenStudio 141118 07. Tipo: Mugs y tazas. Ocasión: Ilustrados."
akkenstudio-141118-08-665,AkkenStudio 141118 08,Mugs y tazas,Ilustrados,Tazas ilustradas,Diseño,/assets/store/akkenstudio-141118-08-665.jpg,"Hola, Creaciones DM. Quiero cotizar este diseño del catálogo: AkkenStudio 141118 08. Tipo: Mugs y tazas. Ocasión: Ilustrados."
akkenstudio-141118-09-666,AkkenStudio 141118 09,Mugs y tazas,Ilustrados,Tazas ilustradas,Diseño,/assets/store/akkenstudio-141118-09-666.jpg,"Hola, Creaciones DM. Quiero cotizar este diseño del catálogo: AkkenStudio 141118 09. Tipo: Mugs y tazas. Ocasión: Ilustrados."
akkenstudio-141118-10-667,AkkenStudio 141118 10,Mugs y tazas,Ilustrados,Tazas ilustradas,Diseño,/assets/store/akkenstudio-141118-10-667.jpg,"Hola, Creaciones DM. Quiero cotizar este diseño del catálogo: AkkenStudio 141118 10. Tipo: Mugs y tazas. Ocasión: Ilustrados."
akkenstudio-141118-11-668,AkkenStudio 141118 11,Mugs y tazas,Ilustrados,Tazas ilustradas,Diseño,/assets/store/akkenstudio-141118-11-668.jpg,"Hola, Creaciones DM. Quiero cotizar este diseño del catálogo: AkkenStudio 141118 11. Tipo: Mugs y tazas. Ocasión: Ilustrados."
akkenstudio-141118-12-669,AkkenStudio 141118 12,Mugs y tazas,Ilustrados,Tazas ilustradas,Diseño,/assets/store/akkenstudio-141118-12-669.jpg,"Hola, Creaciones DM. Quiero cotizar este diseño del catálogo: AkkenStudio 141118 12. Tipo: Mugs y tazas. Ocasión: Ilustrados."
av110716-21-a-670,AV110716 21 a,Mugs y tazas,Ilustrados,Tazas ilustradas,Diseño,/assets/store/av110716-21-a-670.jpg,"Hola, Creaciones DM. Quiero cotizar este diseño del catálogo: AV110716 21 a. Tipo: Mugs y tazas. Ocasión: Ilustrados."
av110716-23-a-671,AV110716 23 a,Mugs y tazas,Ilustrados,Tazas ilustradas,Diseño,/assets/store/av110716-23-a-671.jpg,"Hola, Creaciones DM. Quiero cotizar este diseño del catálogo: AV110716 23 a. Tipo: Mugs y tazas. Ocasión: Ilustrados."
av110716-30-a-672,AV110716 30 a,Mugs y tazas,Ilustrados,Tazas ilustradas,Diseño,/assets/store/av110716-30-a-672.jpg,"Hola, Creaciones DM. Quiero cotizar este diseño del catálogo: AV110716 30 a. Tipo: Mugs y tazas. Ocasión: Ilustrados."
av110716-33-a-673,AV110716 33 a,Mugs y tazas,Ilustrados,Tazas ilustradas,Diseño,/assets/store/av110716-33-a-673.jpg,"Hola, Creaciones DM. Quiero cotizar este diseño del catálogo: AV110716 33 a. Tipo: Mugs y tazas. Ocasión: Ilustrados."
av110716-46-a-674,AV110716 46 a,Mugs y tazas,Ilustrados,Tazas ilustradas,Diseño,/assets/store/av110716-46-a-674.jpg,"Hola, Creaciones DM. Quiero cotizar este diseño del catálogo: AV110716 46 a. Tipo: Mugs y tazas. Ocasión: Ilustrados."
av110716-47-a-675,AV110716 47 a,Mugs y tazas,Ilustrados,Tazas ilustradas,Diseño,/assets/store/av110716-47-a-675.jpg,"Hola, Creaciones DM. Quiero cotizar este diseño del catálogo: AV110716 47 a. Tipo: Mugs y tazas. Ocasión: Ilustrados."
av110716-56-a-676,AV110716 56 a,Mugs y tazas,Ilustrados,Tazas ilustradas,Diseño,/assets/store/av110716-56-a-676.jpg,"Hola, Creaciones DM. Quiero cotizar este diseño del catálogo: AV110716 56 a. Tipo: Mugs y tazas. Ocasión: Ilustrados."
av110716-57-a-677,AV110716 57 a,Mugs y tazas,Ilustrados,Tazas ilustradas,Diseño,/assets/store/av110716-57-a-677.jpg,"Hola, Creaciones DM. Quiero cotizar este diseño del catálogo: AV110716 57 a. Tipo: Mugs y tazas. Ocasión: Ilustrados."
av110716-58-a-678,AV110716 58 a,Mugs y tazas,Ilustrados,Tazas ilustradas,Diseño,/assets/store/av110716-58-a-678.jpg,"Hola, Creaciones DM. Quiero cotizar este diseño del catálogo: AV110716 58 a. Tipo: Mugs y tazas. Ocasión: Ilustrados."
av110716-59-a-679,AV110716 59 a,Mugs y tazas,Ilustrados,Tazas ilustradas,Diseño,/assets/store/av110716-59-a-679.jpg,"Hola, Creaciones DM. Quiero cotizar este diseño del catálogo: AV110716 59 a. Tipo: Mugs y tazas. Ocasión: Ilustrados."
av110716-60-a-680,AV110716 60 a,Mugs y tazas,Ilustrados,Tazas ilustradas,Diseño,/assets/store/av110716-60-a-680.jpg,"Hola, Creaciones DM. Quiero cotizar este diseño del catálogo: AV110716 60 a. Tipo: Mugs y tazas. Ocasión: Ilustrados."
av110716-71-a-681,AV110716 71 a,Mugs y tazas,Ilustrados,Tazas ilustradas,Diseño,/assets/store/av110716-71-a-681.jpg,"Hola, Creaciones DM. Quiero cotizar este diseño del catálogo: AV110716 71 a. Tipo: Mugs y tazas. Ocasión: Ilustrados."
av110716-72-a-682,AV110716 72 a,Mugs y tazas,Ilustrados,Tazas ilustradas,Diseño,/assets/store/av110716-72-a-682.jpg,"Hola, Creaciones DM. Quiero cotizar este diseño del catálogo: AV110716 72 a. Tipo: Mugs y tazas. Ocasión: Ilustrados."
av110716-73-a-683,AV110716 73 a,Mugs y tazas,Ilustrados,Tazas ilustradas,Diseño,/assets/store/av110716-73-a-683.jpg,"Hola, Creaciones DM. Quiero cotizar este diseño del catálogo: AV110716 73 a. Tipo: Mugs y tazas. Ocasión: Ilustrados."
av110716-74-a-684,AV110716 74 a,Mugs y tazas,Ilustrados,Tazas ilustradas,Diseño,/assets/store/av110716-74-a-684.jpg,"Hola, Creaciones DM. Quiero cotizar este diseño del catálogo: AV110716 74 a. Tipo: Mugs y tazas. Ocasión: Ilustrados."
av110716-75-a-685,AV110716 75 a,Mugs y tazas,Ilustrados,Tazas ilustradas,Diseño,/assets/store/av110716-75-a-685.jpg,"Hola, Creaciones DM. Quiero cotizar este diseño del catálogo: AV110716 75 a. Tipo: Mugs y tazas. Ocasión: Ilustrados."
av110716-76-a-686,AV110716 76 a,Mugs y tazas,Ilustrados,Tazas ilustradas,Diseño,/assets/store/av110716-76-a-686.jpg,"Hola, Creaciones DM. Quiero cotizar este diseño del catálogo: AV110716 76 a. Tipo: Mugs y tazas. Ocasión: Ilustrados."
av110716-80-a-687,AV110716 80 a,Mugs y tazas,Ilustrados,Tazas ilustradas,Diseño,/assets/store/av110716-80-a-687.jpg,"Hola, Creaciones DM. Quiero cotizar este diseño del catálogo: AV110716 80 a. Tipo: Mugs y tazas. Ocasión: Ilustrados."
av110716-81-a-688,AV110716 81 a,Mugs y tazas,Ilustrados,Tazas ilustradas,Diseño,/assets/store/av110716-81-a-688.jpg,"Hola, Creaciones DM. Quiero cotizar este diseño del catálogo: AV110716 81 a. Tipo: Mugs y tazas. Ocasión: Ilustrados."
av110716-82-a-689,AV110716 82 a,Mugs y tazas,Ilustrados,Tazas ilustradas,Diseño,/assets/store/av110716-82-a-689.jpg,"Hola, Creaciones DM. Quiero cotizar este diseño del catálogo: AV110716 82 a. Tipo: Mugs y tazas. Ocasión: Ilustrados."
av110716-83-a-690,AV110716 83 a,Mugs y tazas,Ilustrados,Tazas ilustradas,Diseño,/assets/store/av110716-83-a-690.jpg,"Hola, Creaciones DM. Quiero cotizar este diseño del catálogo: AV110716 83 a. Tipo: Mugs y tazas. Ocasión: Ilustrados."
av110716-84-a-691,AV110716 84 a,Mugs y tazas,Ilustrados,Tazas ilustradas,Diseño,/assets/store/av110716-84-a-691.jpg,"Hola, Creaciones DM. Quiero cotizar este diseño del catálogo: AV110716 84 a. Tipo: Mugs y tazas. Ocasión: Ilustrados."
av110716-85-a-692,AV110716 85 a,Mugs y tazas,Ilustrados,Tazas ilustradas,Diseño,/assets/store/av110716-85-a-692.jpg,"Hola, Creaciones DM. Quiero cotizar este diseño del catálogo: AV110716 85 a. Tipo: Mugs y tazas. Ocasión: Ilustrados."
av181117-03-a-693,AV181117 03 a,Mugs y tazas,Ilustrados,Tazas ilustradas,Diseño,/assets/store/av181117-03-a-693.jpg,"Hola, Creaciones DM. Quiero cotizar este diseño del catálogo: AV181117 03 a. Tipo: Mugs y tazas. Ocasión: Ilustrados."
av181117-06-a-694,AV181117 06 a,Mugs y tazas,Ilustrados,Tazas ilustradas,Diseño,/assets/store/av181117-06-a-694.jpg,"Hola, Creaciones DM. Quiero cotizar este diseño del catálogo: AV181117 06 a. Tipo: Mugs y tazas. Ocasión: Ilustrados."
av181117-22-a-695,AV181117 22 a,Mugs y tazas,Ilustrados,Tazas ilustradas,Diseño,/assets/store/av181117-22-a-695.jpg,"Hola, Creaciones DM. Quiero cotizar este diseño del catálogo: AV181117 22 a. Tipo: Mugs y tazas. Ocasión: Ilustrados."
av181117-34-a-696,AV181117 34 a,Mugs y tazas,Ilustrados,Tazas ilustradas,Diseño,/assets/store/av181117-34-a-696.jpg,"Hola, Creaciones DM. Quiero cotizar este diseño del catálogo: AV181117 34 a. Tipo: Mugs y tazas. Ocasión: Ilustrados."
av181117-35-a-697,AV181117 35 a,Mugs y tazas,Ilustrados,Tazas ilustradas,Diseño,/assets/store/av181117-35-a-697.jpg,"Hola, Creaciones DM. Quiero cotizar este diseño del catálogo: AV181117 35 a. Tipo: Mugs y tazas. Ocasión: Ilustrados."
av181117-37-a-698,AV181117 37 a,Mugs y tazas,Ilustrados,Tazas ilustradas,Diseño,/assets/store/av181117-37-a-698.jpg,"Hola, Creaciones DM. Quiero cotizar este diseño del catálogo: AV181117 37 a. Tipo: Mugs y tazas. Ocasión: Ilustrados."
01-administrador-699,01 Administrador,Mugs y tazas,Profesiones,Tazas profesiones,Diseño,/assets/store/01-administrador-699.jpg,"Hola, Creaciones DM. Quiero cotizar este diseño del catálogo: 01 Administrador. Tipo: Mugs y tazas. Ocasión: Profesiones."
02-administradora-700,02 Administradora,Mugs y tazas,Profesiones,Tazas profesiones,Diseño,/assets/store/02-administradora-700.jpg,"Hola, Creaciones DM. Quiero cotizar este diseño del catálogo: 02 Administradora. Tipo: Mugs y tazas. Ocasión: Profesiones."
03-biomedico-701,03 Biomedico,Mugs y tazas,Profesiones,Tazas profesiones,Diseño,/assets/store/03-biomedico-701.jpg,"Hola, Creaciones DM. Quiero cotizar este diseño del catálogo: 03 Biomedico. Tipo: Mugs y tazas. Ocasión: Profesiones."
04-cuidadora-702,04 Cuidadora,Mugs y tazas,Profesiones,Tazas profesiones,Diseño,/assets/store/04-cuidadora-702.jpg,"Hola, Creaciones DM. Quiero cotizar este diseño del catálogo: 04 Cuidadora. Tipo: Mugs y tazas. Ocasión: Profesiones."
05-barbero-703,05 Barbero,Mugs y tazas,Profesiones,Tazas profesiones,Diseño,/assets/store/05-barbero-703.jpg,"Hola, Creaciones DM. Quiero cotizar este diseño del catálogo: 05 Barbero. Tipo: Mugs y tazas. Ocasión: Profesiones."
06-barbero-704,06 Barbero,Mugs y tazas,Profesiones,Tazas profesiones,Diseño,/assets/store/06-barbero-704.jpg,"Hola, Creaciones DM. Quiero cotizar este diseño del catálogo: 06 Barbero. Tipo: Mugs y tazas. Ocasión: Profesiones."
07-barbero-705,07 Barbero,Mugs y tazas,Profesiones,Tazas profesiones,Diseño,/assets/store/07-barbero-705.jpg,"Hola, Creaciones DM. Quiero cotizar este diseño del catálogo: 07 Barbero. Tipo: Mugs y tazas. Ocasión: Profesiones."
08-peluquera-706,08 Peluquera,Mugs y tazas,Profesiones,Tazas profesiones,Diseño,/assets/store/08-peluquera-706.jpg,"Hola, Creaciones DM. Quiero cotizar este diseño del catálogo: 08 Peluquera. Tipo: Mugs y tazas. Ocasión: Profesiones."
09-peluquera-707,09 Peluquera,Mugs y tazas,Profesiones,Tazas profesiones,Diseño,/assets/store/09-peluquera-707.jpg,"Hola, Creaciones DM. Quiero cotizar este diseño del catálogo: 09 Peluquera. Tipo: Mugs y tazas. Ocasión: Profesiones."
10-comunicadora-socail-708,10 Comunicadora Socail,Mugs y tazas,Profesiones,Tazas profesiones,Diseño,/assets/store/10-comunicadora-socail-708.jpg,"Hola, Creaciones DM. Quiero cotizar este diseño del catálogo: 10 Comunicadora Socail. Tipo: Mugs y tazas. Ocasión: Profesiones."
100-policia-709,100 Policia,Mugs y tazas,Profesiones,Tazas profesiones,Diseño,/assets/store/100-policia-709.jpg,"Hola, Creaciones DM. Quiero cotizar este diseño del catálogo: 100 Policia. Tipo: Mugs y tazas. Ocasión: Profesiones."
101-profesor-710,101 Profesor,Mugs y tazas,Profesiones,Tazas profesiones,Diseño,/assets/store/101-profesor-710.jpg,"Hola, Creaciones DM. Quiero cotizar este diseño del catálogo: 101 Profesor. Tipo: Mugs y tazas. Ocasión: Profesiones."
102-profesor-711,102 Profesor,Mugs y tazas,Profesiones,Tazas profesiones,Diseño,/assets/store/102-profesor-711.jpg,"Hola, Creaciones DM. Quiero cotizar este diseño del catálogo: 102 Profesor. Tipo: Mugs y tazas. Ocasión: Profesiones."
103-profesor-712,103 Profesor,Mugs y tazas,Profesiones,Tazas profesiones,Diseño,/assets/store/103-profesor-712.jpg,"Hola, Creaciones DM. Quiero cotizar este diseño del catálogo: 103 Profesor. Tipo: Mugs y tazas. Ocasión: Profesiones."
104-profesor-713,104 Profesor,Mugs y tazas,Profesiones,Tazas profesiones,Diseño,/assets/store/104-profesor-713.jpg,"Hola, Creaciones DM. Quiero cotizar este diseño del catálogo: 104 Profesor. Tipo: Mugs y tazas. Ocasión: Profesiones."
105-profesor-714,105 Profesor,Mugs y tazas,Profesiones,Tazas profesiones,Diseño,/assets/store/105-profesor-714.jpg,"Hola, Creaciones DM. Quiero cotizar este diseño del catálogo: 105 Profesor. Tipo: Mugs y tazas. Ocasión: Profesiones."
106-profesor-715,106 Profesor,Mugs y tazas,Profesiones,Tazas profesiones,Diseño,/assets/store/106-profesor-715.jpg,"Hola, Creaciones DM. Quiero cotizar este diseño del catálogo: 106 Profesor. Tipo: Mugs y tazas. Ocasión: Profesiones."
107-empleada-716,107 Empleada,Mugs y tazas,Profesiones,Tazas profesiones,Diseño,/assets/store/107-empleada-716.jpg,"Hola, Creaciones DM. Quiero cotizar este diseño del catálogo: 107 Empleada. Tipo: Mugs y tazas. Ocasión: Profesiones."
108-empleada-717,108 Empleada,Mugs y tazas,Profesiones,Tazas profesiones,Diseño,/assets/store/108-empleada-717.jpg,"Hola, Creaciones DM. Quiero cotizar este diseño del catálogo: 108 Empleada. Tipo: Mugs y tazas. Ocasión: Profesiones."
109-empleada-718,109 Empleada,Mugs y tazas,Profesiones,Tazas profesiones,Diseño,/assets/store/109-empleada-718.jpg,"Hola, Creaciones DM. Quiero cotizar este diseño del catálogo: 109 Empleada. Tipo: Mugs y tazas. Ocasión: Profesiones."
11-comunicadora-social-719,11 Comunicadora Social,Mugs y tazas,Profesiones,Tazas profesiones,Diseño,/assets/store/11-comunicadora-social-719.jpg,"Hola, Creaciones DM. Quiero cotizar este diseño del catálogo: 11 Comunicadora Social. Tipo: Mugs y tazas. Ocasión: Profesiones."
110-profesor-720,110 Profesor,Mugs y tazas,Profesiones,Tazas profesiones,Diseño,/assets/store/110-profesor-720.jpg,"Hola, Creaciones DM. Quiero cotizar este diseño del catálogo: 110 Profesor. Tipo: Mugs y tazas. Ocasión: Profesiones."
111-policia-721,111 Policia,Mugs y tazas,Profesiones,Tazas profesiones,Diseño,/assets/store/111-policia-721.jpg,"Hola, Creaciones DM. Quiero cotizar este diseño del catálogo: 111 Policia. Tipo: Mugs y tazas. Ocasión: Profesiones."
112-cientifico-722,112 Cientifico,Mugs y tazas,Profesiones,Tazas profesiones,Diseño,/assets/store/112-cientifico-722.jpg,"Hola, Creaciones DM. Quiero cotizar este diseño del catálogo: 112 Cientifico. Tipo: Mugs y tazas. Ocasión: Profesiones."
113-cientifico-723,113 Cientifico,Mugs y tazas,Profesiones,Tazas profesiones,Diseño,/assets/store/113-cientifico-723.jpg,"Hola, Creaciones DM. Quiero cotizar este diseño del catálogo: 113 Cientifico. Tipo: Mugs y tazas. Ocasión: Profesiones."
114-cientifico-724,114 Cientifico,Mugs y tazas,Profesiones,Tazas profesiones,Diseño,/assets/store/114-cientifico-724.jpg,"Hola, Creaciones DM. Quiero cotizar este diseño del catálogo: 114 Cientifico. Tipo: Mugs y tazas. Ocasión: Profesiones."
115-bombero-725,115 Bombero,Mugs y tazas,Profesiones,Tazas profesiones,Diseño,/assets/store/115-bombero-725.jpg,"Hola, Creaciones DM. Quiero cotizar este diseño del catálogo: 115 Bombero. Tipo: Mugs y tazas. Ocasión: Profesiones."
116-bombero-726,116 Bombero,Mugs y tazas,Profesiones,Tazas profesiones,Diseño,/assets/store/116-bombero-726.jpg,"Hola, Creaciones DM. Quiero cotizar este diseño del catálogo: 116 Bombero. Tipo: Mugs y tazas. Ocasión: Profesiones."
117-bombero-727,117 Bombero,Mugs y tazas,Profesiones,Tazas profesiones,Diseño,/assets/store/117-bombero-727.jpg,"Hola, Creaciones DM. Quiero cotizar este diseño del catálogo: 117 Bombero. Tipo: Mugs y tazas. Ocasión: Profesiones."
118-bombero-728,118 Bombero,Mugs y tazas,Profesiones,Tazas profesiones,Diseño,/assets/store/118-bombero-728.jpg,"Hola, Creaciones DM. Quiero cotizar este diseño del catálogo: 118 Bombero. Tipo: Mugs y tazas. Ocasión: Profesiones."
119-ginecologo-729,119 Ginecologo,Mugs y tazas,Profesiones,Tazas profesiones,Diseño,/assets/store/119-ginecologo-729.jpg,"Hola, Creaciones DM. Quiero cotizar este diseño del catálogo: 119 Ginecologo. Tipo: Mugs y tazas. Ocasión: Profesiones."
12-ingeniera-730,12 Ingeniera,Mugs y tazas,Profesiones,Tazas profesiones,Diseño,/assets/store/12-ingeniera-730.jpg,"Hola, Creaciones DM. Quiero cotizar este diseño del catálogo: 12 Ingeniera. Tipo: Mugs y tazas. Ocasión: Profesiones."
120-ginecologo-731,120 Ginecologo,Mugs y tazas,Profesiones,Tazas profesiones,Diseño,/assets/store/120-ginecologo-731.jpg,"Hola, Creaciones DM. Quiero cotizar este diseño del catálogo: 120 Ginecologo. Tipo: Mugs y tazas. Ocasión: Profesiones."
121-veterinario-732,121 Veterinario,Mugs y tazas,Profesiones,Tazas profesiones,Diseño,/assets/store/121-veterinario-732.jpg,"Hola, Creaciones DM. Quiero cotizar este diseño del catálogo: 121 Veterinario. Tipo: Mugs y tazas. Ocasión: Profesiones."
122-veterinario-733,122 Veterinario,Mugs y tazas,Profesiones,Tazas profesiones,Diseño,/assets/store/122-veterinario-733.jpg,"Hola, Creaciones DM. Quiero cotizar este diseño del catálogo: 122 Veterinario. Tipo: Mugs y tazas. Ocasión: Profesiones."
123-taxista-734,123 Taxista,Mugs y tazas,Profesiones,Tazas profesiones,Diseño,/assets/store/123-taxista-734.jpg,"Hola, Creaciones DM. Quiero cotizar este diseño del catálogo: 123 Taxista. Tipo: Mugs y tazas. Ocasión: Profesiones."
124-taxista-735,124 Taxista,Mugs y tazas,Profesiones,Tazas profesiones,Diseño,/assets/store/124-taxista-735.jpg,"Hola, Creaciones DM. Quiero cotizar este diseño del catálogo: 124 Taxista. Tipo: Mugs y tazas. Ocasión: Profesiones."
125-taxista-736,125 Taxista,Mugs y tazas,Profesiones,Tazas profesiones,Diseño,/assets/store/125-taxista-736.jpg,"Hola, Creaciones DM. Quiero cotizar este diseño del catálogo: 125 Taxista. Tipo: Mugs y tazas. Ocasión: Profesiones."
126-jardinero-737,126 Jardinero,Mugs y tazas,Profesiones,Tazas profesiones,Diseño,/assets/store/126-jardinero-737.jpg,"Hola, Creaciones DM. Quiero cotizar este diseño del catálogo: 126 Jardinero. Tipo: Mugs y tazas. Ocasión: Profesiones."
127-jardinero-738,127 Jardinero,Mugs y tazas,Profesiones,Tazas profesiones,Diseño,/assets/store/127-jardinero-738.jpg,"Hola, Creaciones DM. Quiero cotizar este diseño del catálogo: 127 Jardinero. Tipo: Mugs y tazas. Ocasión: Profesiones."
128-jardinero-739,128 Jardinero,Mugs y tazas,Profesiones,Tazas profesiones,Diseño,/assets/store/128-jardinero-739.jpg,"Hola, Creaciones DM. Quiero cotizar este diseño del catálogo: 128 Jardinero. Tipo: Mugs y tazas. Ocasión: Profesiones."
129-plomero-740,129 Plomero,Mugs y tazas,Profesiones,Tazas profesiones,Diseño,/assets/store/129-plomero-740.jpg,"Hola, Creaciones DM. Quiero cotizar este diseño del catálogo: 129 Plomero. Tipo: Mugs y tazas. Ocasión: Profesiones."
13-ingeniera-741,13 Ingeniera,Mugs y tazas,Profesiones,Tazas profesiones,Diseño,/assets/store/13-ingeniera-741.jpg,"Hola, Creaciones DM. Quiero cotizar este diseño del catálogo: 13 Ingeniera. Tipo: Mugs y tazas. Ocasión: Profesiones."
130-plomero-742,130 Plomero,Mugs y tazas,Profesiones,Tazas profesiones,Diseño,/assets/store/130-plomero-742.jpg,"Hola, Creaciones DM. Quiero cotizar este diseño del catálogo: 130 Plomero. Tipo: Mugs y tazas. Ocasión: Profesiones."
131-fotografo-743,131 Fotografo,Mugs y tazas,Profesiones,Tazas profesiones,Diseño,/assets/store/131-fotografo-743.jpg,"Hola, Creaciones DM. Quiero cotizar este diseño del catálogo: 131 Fotografo. Tipo: Mugs y tazas. Ocasión: Profesiones."
132-fotografo-744,132 Fotografo,Mugs y tazas,Profesiones,Tazas profesiones,Diseño,/assets/store/132-fotografo-744.jpg,"Hola, Creaciones DM. Quiero cotizar este diseño del catálogo: 132 Fotografo. Tipo: Mugs y tazas. Ocasión: Profesiones."
133-fotografo-745,133 Fotografo,Mugs y tazas,Profesiones,Tazas profesiones,Diseño,/assets/store/133-fotografo-745.jpg,"Hola, Creaciones DM. Quiero cotizar este diseño del catálogo: 133 Fotografo. Tipo: Mugs y tazas. Ocasión: Profesiones."
134-fotografo-746,134 Fotografo,Mugs y tazas,Profesiones,Tazas profesiones,Diseño,/assets/store/134-fotografo-746.jpg,"Hola, Creaciones DM. Quiero cotizar este diseño del catálogo: 134 Fotografo. Tipo: Mugs y tazas. Ocasión: Profesiones."
135-fotografo-747,135 Fotografo,Mugs y tazas,Profesiones,Tazas profesiones,Diseño,/assets/store/135-fotografo-747.jpg,"Hola, Creaciones DM. Quiero cotizar este diseño del catálogo: 135 Fotografo. Tipo: Mugs y tazas. Ocasión: Profesiones."
136-fotografo-748,136 Fotografo,Mugs y tazas,Profesiones,Tazas profesiones,Diseño,/assets/store/136-fotografo-748.jpg,"Hola, Creaciones DM. Quiero cotizar este diseño del catálogo: 136 Fotografo. Tipo: Mugs y tazas. Ocasión: Profesiones."
137-fitnees-749,137 Fitnees,Mugs y tazas,Profesiones,Tazas profesiones,Diseño,/assets/store/137-fitnees-749.jpg,"Hola, Creaciones DM. Quiero cotizar este diseño del catálogo: 137 Fitnees. Tipo: Mugs y tazas. Ocasión: Profesiones."
138-fitnees-750,138 Fitnees,Mugs y tazas,Profesiones,Tazas profesiones,Diseño,/assets/store/138-fitnees-750.jpg,"Hola, Creaciones DM. Quiero cotizar este diseño del catálogo: 138 Fitnees. Tipo: Mugs y tazas. Ocasión: Profesiones."
139-fitnees-751,139 Fitnees,Mugs y tazas,Profesiones,Tazas profesiones,Diseño,/assets/store/139-fitnees-751.jpg,"Hola, Creaciones DM. Quiero cotizar este diseño del catálogo: 139 Fitnees. Tipo: Mugs y tazas. Ocasión: Profesiones."
14-contador-752,14 Contador,Mugs y tazas,Profesiones,Tazas profesiones,Diseño,/assets/store/14-contador-752.jpg,"Hola, Creaciones DM. Quiero cotizar este diseño del catálogo: 14 Contador. Tipo: Mugs y tazas. Ocasión: Profesiones."
140-fisiterapeuta-753,140 Fisiterapeuta,Mugs y tazas,Profesiones,Tazas profesiones,Diseño,/assets/store/140-fisiterapeuta-753.jpg,"Hola, Creaciones DM. Quiero cotizar este diseño del catálogo: 140 Fisiterapeuta. Tipo: Mugs y tazas. Ocasión: Profesiones."
141-fisiterapeuta-754,141 Fisiterapeuta,Mugs y tazas,Profesiones,Tazas profesiones,Diseño,/assets/store/141-fisiterapeuta-754.jpg,"Hola, Creaciones DM. Quiero cotizar este diseño del catálogo: 141 Fisiterapeuta. Tipo: Mugs y tazas. Ocasión: Profesiones."
142-guia-canino-755,142 Guia Canino,Mugs y tazas,Profesiones,Tazas profesiones,Diseño,/assets/store/142-guia-canino-755.jpg,"Hola, Creaciones DM. Quiero cotizar este diseño del catálogo: 142 Guia Canino. Tipo: Mugs y tazas. Ocasión: Profesiones."
143-guia-canino-756,143 Guia Canino,Mugs y tazas,Profesiones,Tazas profesiones,Diseño,/assets/store/143-guia-canino-756.jpg,"Hola, Creaciones DM. Quiero cotizar este diseño del catálogo: 143 Guia Canino. Tipo: Mugs y tazas. Ocasión: Profesiones."
144-bionalista-757,144 Bionalista,Mugs y tazas,Profesiones,Tazas profesiones,Diseño,/assets/store/144-bionalista-757.jpg,"Hola, Creaciones DM. Quiero cotizar este diseño del catálogo: 144 Bionalista. Tipo: Mugs y tazas. Ocasión: Profesiones."
145-bionalista-758,145 Bionalista,Mugs y tazas,Profesiones,Tazas profesiones,Diseño,/assets/store/145-bionalista-758.jpg,"Hola, Creaciones DM. Quiero cotizar este diseño del catálogo: 145 Bionalista. Tipo: Mugs y tazas. Ocasión: Profesiones."
146-topografo-759,146 Topografo,Mugs y tazas,Profesiones,Tazas profesiones,Diseño,/assets/store/146-topografo-759.jpg,"Hola, Creaciones DM. Quiero cotizar este diseño del catálogo: 146 Topografo. Tipo: Mugs y tazas. Ocasión: Profesiones."
147-topografo-760,147 Topografo,Mugs y tazas,Profesiones,Tazas profesiones,Diseño,/assets/store/147-topografo-760.jpg,"Hola, Creaciones DM. Quiero cotizar este diseño del catálogo: 147 Topografo. Tipo: Mugs y tazas. Ocasión: Profesiones."
148-paramedico-761,148 Paramedico,Mugs y tazas,Profesiones,Tazas profesiones,Diseño,/assets/store/148-paramedico-761.jpg,"Hola, Creaciones DM. Quiero cotizar este diseño del catálogo: 148 Paramedico. Tipo: Mugs y tazas. Ocasión: Profesiones."
149-paramedico-762,149 Paramedico,Mugs y tazas,Profesiones,Tazas profesiones,Diseño,/assets/store/149-paramedico-762.jpg,"Hola, Creaciones DM. Quiero cotizar este diseño del catálogo: 149 Paramedico. Tipo: Mugs y tazas. Ocasión: Profesiones."
15-contador-763,15 Contador,Mugs y tazas,Profesiones,Tazas profesiones,Diseño,/assets/store/15-contador-763.jpg,"Hola, Creaciones DM. Quiero cotizar este diseño del catálogo: 15 Contador. Tipo: Mugs y tazas. Ocasión: Profesiones."
150-musico-764,150 Musico,Mugs y tazas,Profesiones,Tazas profesiones,Diseño,/assets/store/150-musico-764.jpg,"Hola, Creaciones DM. Quiero cotizar este diseño del catálogo: 150 Musico. Tipo: Mugs y tazas. Ocasión: Profesiones."
151-ingeniero-industrial-765,151 Ingeniero Industrial,Mugs y tazas,Profesiones,Tazas profesiones,Diseño,/assets/store/151-ingeniero-industrial-765.jpg,"Hola, Creaciones DM. Quiero cotizar este diseño del catálogo: 151 Ingeniero Industrial. Tipo: Mugs y tazas. Ocasión: Profesiones."
152-ingeniero-industrial-766,152 Ingeniero Industrial,Mugs y tazas,Profesiones,Tazas profesiones,Diseño,/assets/store/152-ingeniero-industrial-766.jpg,"Hola, Creaciones DM. Quiero cotizar este diseño del catálogo: 152 Ingeniero Industrial. Tipo: Mugs y tazas. Ocasión: Profesiones."
153-nutricionista-767,153 Nutricionista,Mugs y tazas,Profesiones,Tazas profesiones,Diseño,/assets/store/153-nutricionista-767.jpg,"Hola, Creaciones DM. Quiero cotizar este diseño del catálogo: 153 Nutricionista. Tipo: Mugs y tazas. Ocasión: Profesiones."
154-cliente-768,154 Cliente,Mugs y tazas,Profesiones,Tazas profesiones,Diseño,/assets/store/154-cliente-768.jpg,"Hola, Creaciones DM. Quiero cotizar este diseño del catálogo: 154 Cliente. Tipo: Mugs y tazas. Ocasión: Profesiones."
155-cliente-769,155 Cliente,Mugs y tazas,Profesiones,Tazas profesiones,Diseño,/assets/store/155-cliente-769.jpg,"Hola, Creaciones DM. Quiero cotizar este diseño del catálogo: 155 Cliente. Tipo: Mugs y tazas. Ocasión: Profesiones."
156-cliente-770,156 Cliente,Mugs y tazas,Profesiones,Tazas profesiones,Diseño,/assets/store/156-cliente-770.jpg,"Hola, Creaciones DM. Quiero cotizar este diseño del catálogo: 156 Cliente. Tipo: Mugs y tazas. Ocasión: Profesiones."
157-cliente-771,157 Cliente,Mugs y tazas,Profesiones,Tazas profesiones,Diseño,/assets/store/157-cliente-771.jpg,"Hola, Creaciones DM. Quiero cotizar este diseño del catálogo: 157 Cliente. Tipo: Mugs y tazas. Ocasión: Profesiones."
158-militar-772,158 Militar,Mugs y tazas,Profesiones,Tazas profesiones,Diseño,/assets/store/158-militar-772.jpg,"Hola, Creaciones DM. Quiero cotizar este diseño del catálogo: 158 Militar. Tipo: Mugs y tazas. Ocasión: Profesiones."
159-militar-773,159 Militar,Mugs y tazas,Profesiones,Tazas profesiones,Diseño,/assets/store/159-militar-773.jpg,"Hola, Creaciones DM. Quiero cotizar este diseño del catálogo: 159 Militar. Tipo: Mugs y tazas. Ocasión: Profesiones."
16-dentista-774,16 Dentista,Mugs y tazas,Profesiones,Tazas profesiones,Diseño,/assets/store/16-dentista-774.jpg,"Hola, Creaciones DM. Quiero cotizar este diseño del catálogo: 16 Dentista. Tipo: Mugs y tazas. Ocasión: Profesiones."
160-scout-775,160 Scout,Mugs y tazas,Profesiones,Tazas profesiones,Diseño,/assets/store/160-scout-775.jpg,"Hola, Creaciones DM. Quiero cotizar este diseño del catálogo: 160 Scout. Tipo: Mugs y tazas. Ocasión: Profesiones."
161-scout-776,161 Scout,Mugs y tazas,Profesiones,Tazas profesiones,Diseño,/assets/store/161-scout-776.jpg,"Hola, Creaciones DM. Quiero cotizar este diseño del catálogo: 161 Scout. Tipo: Mugs y tazas. Ocasión: Profesiones."
162-repostero-777,162 Repostero,Mugs y tazas,Profesiones,Tazas profesiones,Diseño,/assets/store/162-repostero-777.jpg,"Hola, Creaciones DM. Quiero cotizar este diseño del catálogo: 162 Repostero. Tipo: Mugs y tazas. Ocasión: Profesiones."
163-repostero-778,163 Repostero,Mugs y tazas,Profesiones,Tazas profesiones,Diseño,/assets/store/163-repostero-778.jpg,"Hola, Creaciones DM. Quiero cotizar este diseño del catálogo: 163 Repostero. Tipo: Mugs y tazas. Ocasión: Profesiones."
164-arquitecto-779,164 Arquitecto,Mugs y tazas,Profesiones,Tazas profesiones,Diseño,/assets/store/164-arquitecto-779.jpg,"Hola, Creaciones DM. Quiero cotizar este diseño del catálogo: 164 Arquitecto. Tipo: Mugs y tazas. Ocasión: Profesiones."
165-arquitecto-780,165 Arquitecto,Mugs y tazas,Profesiones,Tazas profesiones,Diseño,/assets/store/165-arquitecto-780.jpg,"Hola, Creaciones DM. Quiero cotizar este diseño del catálogo: 165 Arquitecto. Tipo: Mugs y tazas. Ocasión: Profesiones."
166-actor-781,166 Actor,Mugs y tazas,Profesiones,Tazas profesiones,Diseño,/assets/store/166-actor-781.jpg,"Hola, Creaciones DM. Quiero cotizar este diseño del catálogo: 166 Actor. Tipo: Mugs y tazas. Ocasión: Profesiones."
167-actriz-782,167 Actriz,Mugs y tazas,Profesiones,Tazas profesiones,Diseño,/assets/store/167-actriz-782.jpg,"Hola, Creaciones DM. Quiero cotizar este diseño del catálogo: 167 Actriz. Tipo: Mugs y tazas. Ocasión: Profesiones."
168-azafata-783,168 Azafata,Mugs y tazas,Profesiones,Tazas profesiones,Diseño,/assets/store/168-azafata-783.jpg,"Hola, Creaciones DM. Quiero cotizar este diseño del catálogo: 168 Azafata. Tipo: Mugs y tazas. Ocasión: Profesiones."
169-panadero-784,169 Panadero,Mugs y tazas,Profesiones,Tazas profesiones,Diseño,/assets/store/169-panadero-784.jpg,"Hola, Creaciones DM. Quiero cotizar este diseño del catálogo: 169 Panadero. Tipo: Mugs y tazas. Ocasión: Profesiones."
17-dentista-785,17 Dentista,Mugs y tazas,Profesiones,Tazas profesiones,Diseño,/assets/store/17-dentista-785.jpg,"Hola, Creaciones DM. Quiero cotizar este diseño del catálogo: 17 Dentista. Tipo: Mugs y tazas. Ocasión: Profesiones."
170-panadero-786,170 Panadero,Mugs y tazas,Profesiones,Tazas profesiones,Diseño,/assets/store/170-panadero-786.jpg,"Hola, Creaciones DM. Quiero cotizar este diseño del catálogo: 170 Panadero. Tipo: Mugs y tazas. Ocasión: Profesiones."
171-conserje-787,171 Conserje,Mugs y tazas,Profesiones,Tazas profesiones,Diseño,/assets/store/171-conserje-787.jpg,"Hola, Creaciones DM. Quiero cotizar este diseño del catálogo: 171 Conserje. Tipo: Mugs y tazas. Ocasión: Profesiones."
172-carnicero-788,172 Carnicero,Mugs y tazas,Profesiones,Tazas profesiones,Diseño,/assets/store/172-carnicero-788.jpg,"Hola, Creaciones DM. Quiero cotizar este diseño del catálogo: 172 Carnicero. Tipo: Mugs y tazas. Ocasión: Profesiones."
173-carnicero-789,173 Carnicero,Mugs y tazas,Profesiones,Tazas profesiones,Diseño,/assets/store/173-carnicero-789.jpg,"Hola, Creaciones DM. Quiero cotizar este diseño del catálogo: 173 Carnicero. Tipo: Mugs y tazas. Ocasión: Profesiones."
174-conserje-790,174 Conserje,Mugs y tazas,Profesiones,Tazas profesiones,Diseño,/assets/store/174-conserje-790.jpg,"Hola, Creaciones DM. Quiero cotizar este diseño del catálogo: 174 Conserje. Tipo: Mugs y tazas. Ocasión: Profesiones."
175-791,175,Mugs y tazas,Profesiones,Tazas profesiones,Diseño,/assets/store/175-791.jpg,"Hola, Creaciones DM. Quiero cotizar este diseño del catálogo: 175. Tipo: Mugs y tazas. Ocasión: Profesiones."
176-792,176,Mugs y tazas,Profesiones,Tazas profesiones,Diseño,/assets/store/176-792.jpg,"Hola, Creaciones DM. Quiero cotizar este diseño del catálogo: 176. Tipo: Mugs y tazas. Ocasión: Profesiones."
177-793,177,Mugs y tazas,Profesiones,Tazas profesiones,Diseño,/assets/store/177-793.jpg,"Hola, Creaciones DM. Quiero cotizar este diseño del catálogo: 177. Tipo: Mugs y tazas. Ocasión: Profesiones."
178-794,178,Mugs y tazas,Profesiones,Tazas profesiones,Diseño,/assets/store/178-794.jpg,"Hola, Creaciones DM. Quiero cotizar este diseño del catálogo: 178. Tipo: Mugs y tazas. Ocasión: Profesiones."
179-795,179,Mugs y tazas,Profesiones,Tazas profesiones,Diseño,/assets/store/179-795.jpg,"Hola, Creaciones DM. Quiero cotizar este diseño del catálogo: 179. Tipo: Mugs y tazas. Ocasión: Profesiones."
18-dentista-796,18 Dentista,Mugs y tazas,Profesiones,Tazas profesiones,Diseño,/assets/store/18-dentista-796.jpg,"Hola, Creaciones DM. Quiero cotizar este diseño del catálogo: 18 Dentista. Tipo: Mugs y tazas. Ocasión: Profesiones."
180-797,180,Mugs y tazas,Profesiones,Tazas profesiones,Diseño,/assets/store/180-797.jpg,"Hola, Creaciones DM. Quiero cotizar este diseño del catálogo: 180. Tipo: Mugs y tazas. Ocasión: Profesiones."
181-798,181,Mugs y tazas,Profesiones,Tazas profesiones,Diseño,/assets/store/181-798.jpg,"Hola, Creaciones DM. Quiero cotizar este diseño del catálogo: 181. Tipo: Mugs y tazas. Ocasión: Profesiones."
182-799,182,Mugs y tazas,Profesiones,Tazas profesiones,Diseño,/assets/store/182-799.jpg,"Hola, Creaciones DM. Quiero cotizar este diseño del catálogo: 182. Tipo: Mugs y tazas. Ocasión: Profesiones."
183-800,183,Mugs y tazas,Profesiones,Tazas profesiones,Diseño,/assets/store/183-800.jpg,"Hola, Creaciones DM. Quiero cotizar este diseño del catálogo: 183. Tipo: Mugs y tazas. Ocasión: Profesiones."
184-801,184,Mugs y tazas,Profesiones,Tazas profesiones,Diseño,/assets/store/184-801.jpg,"Hola, Creaciones DM. Quiero cotizar este diseño del catálogo: 184. Tipo: Mugs y tazas. Ocasión: Profesiones."
185-802,185,Mugs y tazas,Profesiones,Tazas profesiones,Diseño,/assets/store/185-802.jpg,"Hola, Creaciones DM. Quiero cotizar este diseño del catálogo: 185. Tipo: Mugs y tazas. Ocasión: Profesiones."
186-803,186,Mugs y tazas,Profesiones,Tazas profesiones,Diseño,/assets/store/186-803.jpg,"Hola, Creaciones DM. Quiero cotizar este diseño del catálogo: 186. Tipo: Mugs y tazas. Ocasión: Profesiones."
187-804,187,Mugs y tazas,Profesiones,Tazas profesiones,Diseño,/assets/store/187-804.jpg,"Hola, Creaciones DM. Quiero cotizar este diseño del catálogo: 187. Tipo: Mugs y tazas. Ocasión: Profesiones."
188-805,188,Mugs y tazas,Profesiones,Tazas profesiones,Diseño,/assets/store/188-805.jpg,"Hola, Creaciones DM. Quiero cotizar este diseño del catálogo: 188. Tipo: Mugs y tazas. Ocasión: Profesiones."
189-806,189,Mugs y tazas,Profesiones,Tazas profesiones,Diseño,/assets/store/189-806.jpg,"Hola, Creaciones DM. Quiero cotizar este diseño del catálogo: 189. Tipo: Mugs y tazas. Ocasión: Profesiones."
19-dentista-807,19 Dentista,Mugs y tazas,Profesiones,Tazas profesiones,Diseño,/assets/store/19-dentista-807.jpg,"Hola, Creaciones DM. Quiero cotizar este diseño del catálogo: 19 Dentista. Tipo: Mugs y tazas. Ocasión: Profesiones."
190-808,190,Mugs y tazas,Profesiones,Tazas profesiones,Diseño,/assets/store/190-808.jpg,"Hola, Creaciones DM. Quiero cotizar este diseño del catálogo: 190. Tipo: Mugs y tazas. Ocasión: Profesiones."
191-esposa-809,191 Esposa,Mugs y tazas,Profesiones,Tazas profesiones,Diseño,/assets/store/191-esposa-809.jpg,"Hola, Creaciones DM. Quiero cotizar este diseño del catálogo: 191 Esposa. Tipo: Mugs y tazas. Ocasión: Profesiones."
192-novia-810,192 Novia,Mugs y tazas,Profesiones,Tazas profesiones,Diseño,/assets/store/192-novia-810.jpg,"Hola, Creaciones DM. Quiero cotizar este diseño del catálogo: 192 Novia. Tipo: Mugs y tazas. Ocasión: Profesiones."
193-gendarmeria-811,193 Gendarmeria,Mugs y tazas,Profesiones,Tazas profesiones,Diseño,/assets/store/193-gendarmeria-811.jpg,"Hola, Creaciones DM. Quiero cotizar este diseño del catálogo: 193 Gendarmeria. Tipo: Mugs y tazas. Ocasión: Profesiones."
194-esposo-812,194 Esposo,Mugs y tazas,Profesiones,Tazas profesiones,Diseño,/assets/store/194-esposo-812.jpg,"Hola, Creaciones DM. Quiero cotizar este diseño del catálogo: 194 Esposo. Tipo: Mugs y tazas. Ocasión: Profesiones."
195-abogada-813,195 Abogada,Mugs y tazas,Profesiones,Tazas profesiones,Diseño,/assets/store/195-abogada-813.jpg,"Hola, Creaciones DM. Quiero cotizar este diseño del catálogo: 195 Abogada. Tipo: Mugs y tazas. Ocasión: Profesiones."
196-electronico-814,196 Electronico,Mugs y tazas,Profesiones,Tazas profesiones,Diseño,/assets/store/196-electronico-814.jpg,"Hola, Creaciones DM. Quiero cotizar este diseño del catálogo: 196 Electronico. Tipo: Mugs y tazas. Ocasión: Profesiones."
197-enfermero-815,197 Enfermero,Mugs y tazas,Profesiones,Tazas profesiones,Diseño,/assets/store/197-enfermero-815.jpg,"Hola, Creaciones DM. Quiero cotizar este diseño del catálogo: 197 Enfermero. Tipo: Mugs y tazas. Ocasión: Profesiones."
198-enfermero-816,198 Enfermero,Mugs y tazas,Profesiones,Tazas profesiones,Diseño,/assets/store/198-enfermero-816.jpg,"Hola, Creaciones DM. Quiero cotizar este diseño del catálogo: 198 Enfermero. Tipo: Mugs y tazas. Ocasión: Profesiones."
199-mecanico-817,199 MECANICO,Mugs y tazas,Profesiones,Tazas profesiones,Diseño,/assets/store/199-mecanico-817.jpg,"Hola, Creaciones DM. Quiero cotizar este diseño del catálogo: 199 MECANICO. Tipo: Mugs y tazas. Ocasión: Profesiones."
20-dentista-818,20 Dentista,Mugs y tazas,Profesiones,Tazas profesiones,Diseño,/assets/store/20-dentista-818.jpg,"Hola, Creaciones DM. Quiero cotizar este diseño del catálogo: 20 Dentista. Tipo: Mugs y tazas. Ocasión: Profesiones."
200-manicurista-819,200 Manicurista,Mugs y tazas,Profesiones,Tazas profesiones,Diseño,/assets/store/200-manicurista-819.jpg,"Hola, Creaciones DM. Quiero cotizar este diseño del catálogo: 200 Manicurista. Tipo: Mugs y tazas. Ocasión: Profesiones."
21-pastor-820,21 Pastor,Mugs y tazas,Profesiones,Tazas profesiones,Diseño,/assets/store/21-pastor-820.jpg,"Hola, Creaciones DM. Quiero cotizar este diseño del catálogo: 21 Pastor. Tipo: Mugs y tazas. Ocasión: Profesiones."
22-pastora-821,22 Pastora,Mugs y tazas,Profesiones,Tazas profesiones,Diseño,/assets/store/22-pastora-821.jpg,"Hola, Creaciones DM. Quiero cotizar este diseño del catálogo: 22 Pastora. Tipo: Mugs y tazas. Ocasión: Profesiones."
23-dentista-822,23 Dentista,Mugs y tazas,Profesiones,Tazas profesiones,Diseño,/assets/store/23-dentista-822.jpg,"Hola, Creaciones DM. Quiero cotizar este diseño del catálogo: 23 Dentista. Tipo: Mugs y tazas. Ocasión: Profesiones."
24-dentista-823,24 Dentista,Mugs y tazas,Profesiones,Tazas profesiones,Diseño,/assets/store/24-dentista-823.jpg,"Hola, Creaciones DM. Quiero cotizar este diseño del catálogo: 24 Dentista. Tipo: Mugs y tazas. Ocasión: Profesiones."
25-karate-824,25 Karate,Mugs y tazas,Profesiones,Tazas profesiones,Diseño,/assets/store/25-karate-824.jpg,"Hola, Creaciones DM. Quiero cotizar este diseño del catálogo: 25 Karate. Tipo: Mugs y tazas. Ocasión: Profesiones."
26-karate-825,26 Karate,Mugs y tazas,Profesiones,Tazas profesiones,Diseño,/assets/store/26-karate-825.jpg,"Hola, Creaciones DM. Quiero cotizar este diseño del catálogo: 26 Karate. Tipo: Mugs y tazas. Ocasión: Profesiones."
27-826,27,Mugs y tazas,Profesiones,Tazas profesiones,Diseño,/assets/store/27-826.jpg,"Hola, Creaciones DM. Quiero cotizar este diseño del catálogo: 27. Tipo: Mugs y tazas. Ocasión: Profesiones."
28-abogada-827,28 Abogada,Mugs y tazas,Profesiones,Tazas profesiones,Diseño,/assets/store/28-abogada-827.jpg,"Hola, Creaciones DM. Quiero cotizar este diseño del catálogo: 28 Abogada. Tipo: Mugs y tazas. Ocasión: Profesiones."
29-abogada-828,29 Abogada,Mugs y tazas,Profesiones,Tazas profesiones,Diseño,/assets/store/29-abogada-828.jpg,"Hola, Creaciones DM. Quiero cotizar este diseño del catálogo: 29 Abogada. Tipo: Mugs y tazas. Ocasión: Profesiones."
30-abogada-829,30 Abogada,Mugs y tazas,Profesiones,Tazas profesiones,Diseño,/assets/store/30-abogada-829.jpg,"Hola, Creaciones DM. Quiero cotizar este diseño del catálogo: 30 Abogada. Tipo: Mugs y tazas. Ocasión: Profesiones."
31-abogada-830,31 Abogada,Mugs y tazas,Profesiones,Tazas profesiones,Diseño,/assets/store/31-abogada-830.jpg,"Hola, Creaciones DM. Quiero cotizar este diseño del catálogo: 31 Abogada. Tipo: Mugs y tazas. Ocasión: Profesiones."
32-recursos-h-831,32 Recursos H,Mugs y tazas,Profesiones,Tazas profesiones,Diseño,/assets/store/32-recursos-h-831.jpg,"Hola, Creaciones DM. Quiero cotizar este diseño del catálogo: 32 Recursos H. Tipo: Mugs y tazas. Ocasión: Profesiones."
33-recursos-h-832,33 Recursos H,Mugs y tazas,Profesiones,Tazas profesiones,Diseño,/assets/store/33-recursos-h-832.jpg,"Hola, Creaciones DM. Quiero cotizar este diseño del catálogo: 33 Recursos H. Tipo: Mugs y tazas. Ocasión: Profesiones."
34-833,34,Mugs y tazas,Profesiones,Tazas profesiones,Diseño,/assets/store/34-833.jpg,"Hola, Creaciones DM. Quiero cotizar este diseño del catálogo: 34. Tipo: Mugs y tazas. Ocasión: Profesiones."
35-vendedor-834,35 Vendedor,Mugs y tazas,Profesiones,Tazas profesiones,Diseño,/assets/store/35-vendedor-834.jpg,"Hola, Creaciones DM. Quiero cotizar este diseño del catálogo: 35 Vendedor. Tipo: Mugs y tazas. Ocasión: Profesiones."
36-secretaria-835,36 Secretaria,Mugs y tazas,Profesiones,Tazas profesiones,Diseño,/assets/store/36-secretaria-835.jpg,"Hola, Creaciones DM. Quiero cotizar este diseño del catálogo: 36 Secretaria. Tipo: Mugs y tazas. Ocasión: Profesiones."
37-musico-836,37 Musico,Mugs y tazas,Profesiones,Tazas profesiones,Diseño,/assets/store/37-musico-836.jpg,"Hola, Creaciones DM. Quiero cotizar este diseño del catálogo: 37 Musico. Tipo: Mugs y tazas. Ocasión: Profesiones."
38-musico-837,38 Musico,Mugs y tazas,Profesiones,Tazas profesiones,Diseño,/assets/store/38-musico-837.jpg,"Hola, Creaciones DM. Quiero cotizar este diseño del catálogo: 38 Musico. Tipo: Mugs y tazas. Ocasión: Profesiones."
39-musico-838,39 Musico,Mugs y tazas,Profesiones,Tazas profesiones,Diseño,/assets/store/39-musico-838.jpg,"Hola, Creaciones DM. Quiero cotizar este diseño del catálogo: 39 Musico. Tipo: Mugs y tazas. Ocasión: Profesiones."
40-musico-839,40 Musico,Mugs y tazas,Profesiones,Tazas profesiones,Diseño,/assets/store/40-musico-839.jpg,"Hola, Creaciones DM. Quiero cotizar este diseño del catálogo: 40 Musico. Tipo: Mugs y tazas. Ocasión: Profesiones."
41-sipcologa-840,41 Sipcologa,Mugs y tazas,Profesiones,Tazas profesiones,Diseño,/assets/store/41-sipcologa-840.jpg,"Hola, Creaciones DM. Quiero cotizar este diseño del catálogo: 41 Sipcologa. Tipo: Mugs y tazas. Ocasión: Profesiones."
42-sipcologa-841,42 Sipcologa,Mugs y tazas,Profesiones,Tazas profesiones,Diseño,/assets/store/42-sipcologa-841.jpg,"Hola, Creaciones DM. Quiero cotizar este diseño del catálogo: 42 Sipcologa. Tipo: Mugs y tazas. Ocasión: Profesiones."
43-sipcologa-842,43 Sipcologa,Mugs y tazas,Profesiones,Tazas profesiones,Diseño,/assets/store/43-sipcologa-842.jpg,"Hola, Creaciones DM. Quiero cotizar este diseño del catálogo: 43 Sipcologa. Tipo: Mugs y tazas. Ocasión: Profesiones."
44-sipcologa-843,44 Sipcologa,Mugs y tazas,Profesiones,Tazas profesiones,Diseño,/assets/store/44-sipcologa-843.jpg,"Hola, Creaciones DM. Quiero cotizar este diseño del catálogo: 44 Sipcologa. Tipo: Mugs y tazas. Ocasión: Profesiones."
45-estudiante-844,45 Estudiante,Mugs y tazas,Profesiones,Tazas profesiones,Diseño,/assets/store/45-estudiante-844.jpg,"Hola, Creaciones DM. Quiero cotizar este diseño del catálogo: 45 Estudiante. Tipo: Mugs y tazas. Ocasión: Profesiones."
46-estudiante-845,46 Estudiante,Mugs y tazas,Profesiones,Tazas profesiones,Diseño,/assets/store/46-estudiante-845.jpg,"Hola, Creaciones DM. Quiero cotizar este diseño del catálogo: 46 Estudiante. Tipo: Mugs y tazas. Ocasión: Profesiones."
47-ingeniero-mecanico-846,47 Ingeniero Mecanico,Mugs y tazas,Profesiones,Tazas profesiones,Diseño,/assets/store/47-ingeniero-mecanico-846.jpg,"Hola, Creaciones DM. Quiero cotizar este diseño del catálogo: 47 Ingeniero Mecanico. Tipo: Mugs y tazas. Ocasión: Profesiones."
48-recursos-h-847,48 Recursos H,Mugs y tazas,Profesiones,Tazas profesiones,Diseño,/assets/store/48-recursos-h-847.jpg,"Hola, Creaciones DM. Quiero cotizar este diseño del catálogo: 48 Recursos H. Tipo: Mugs y tazas. Ocasión: Profesiones."
49-mecanico-848,49 Mecanico,Mugs y tazas,Profesiones,Tazas profesiones,Diseño,/assets/store/49-mecanico-848.jpg,"Hola, Creaciones DM. Quiero cotizar este diseño del catálogo: 49 Mecanico. Tipo: Mugs y tazas. Ocasión: Profesiones."
50-doctor-849,50 Doctor,Mugs y tazas,Profesiones,Tazas profesiones,Diseño,/assets/store/50-doctor-849.jpg,"Hola, Creaciones DM. Quiero cotizar este diseño del catálogo: 50 Doctor. Tipo: Mugs y tazas. Ocasión: Profesiones."
51-doctor-850,51 Doctor,Mugs y tazas,Profesiones,Tazas profesiones,Diseño,/assets/store/51-doctor-850.jpg,"Hola, Creaciones DM. Quiero cotizar este diseño del catálogo: 51 Doctor. Tipo: Mugs y tazas. Ocasión: Profesiones."
52-enfermera-851,52 Enfermera,Mugs y tazas,Profesiones,Tazas profesiones,Diseño,/assets/store/52-enfermera-851.jpg,"Hola, Creaciones DM. Quiero cotizar este diseño del catálogo: 52 Enfermera. Tipo: Mugs y tazas. Ocasión: Profesiones."
53-carpintero-852,53 Carpintero,Mugs y tazas,Profesiones,Tazas profesiones,Diseño,/assets/store/53-carpintero-852.jpg,"Hola, Creaciones DM. Quiero cotizar este diseño del catálogo: 53 Carpintero. Tipo: Mugs y tazas. Ocasión: Profesiones."
54-conductor-853,54 Conductor,Mugs y tazas,Profesiones,Tazas profesiones,Diseño,/assets/store/54-conductor-853.jpg,"Hola, Creaciones DM. Quiero cotizar este diseño del catálogo: 54 Conductor. Tipo: Mugs y tazas. Ocasión: Profesiones."
55-mago-854,55 Mago,Mugs y tazas,Profesiones,Tazas profesiones,Diseño,/assets/store/55-mago-854.jpg,"Hola, Creaciones DM. Quiero cotizar este diseño del catálogo: 55 Mago. Tipo: Mugs y tazas. Ocasión: Profesiones."
56-mago-855,56 Mago,Mugs y tazas,Profesiones,Tazas profesiones,Diseño,/assets/store/56-mago-855.jpg,"Hola, Creaciones DM. Quiero cotizar este diseño del catálogo: 56 Mago. Tipo: Mugs y tazas. Ocasión: Profesiones."
57-profesor-856,57 Profesor,Mugs y tazas,Profesiones,Tazas profesiones,Diseño,/assets/store/57-profesor-856.jpg,"Hola, Creaciones DM. Quiero cotizar este diseño del catálogo: 57 Profesor. Tipo: Mugs y tazas. Ocasión: Profesiones."
58-profesor-857,58 Profesor,Mugs y tazas,Profesiones,Tazas profesiones,Diseño,/assets/store/58-profesor-857.jpg,"Hola, Creaciones DM. Quiero cotizar este diseño del catálogo: 58 Profesor. Tipo: Mugs y tazas. Ocasión: Profesiones."
59-ingeniero-ambiental-858,59 Ingeniero Ambiental,Mugs y tazas,Profesiones,Tazas profesiones,Diseño,/assets/store/59-ingeniero-ambiental-858.jpg,"Hola, Creaciones DM. Quiero cotizar este diseño del catálogo: 59 Ingeniero Ambiental. Tipo: Mugs y tazas. Ocasión: Profesiones."
60-ingeniero-civil-859,60 Ingeniero Civil,Mugs y tazas,Profesiones,Tazas profesiones,Diseño,/assets/store/60-ingeniero-civil-859.jpg,"Hola, Creaciones DM. Quiero cotizar este diseño del catálogo: 60 Ingeniero Civil. Tipo: Mugs y tazas. Ocasión: Profesiones."
61-farmaceutico-860,61 Farmaceutico,Mugs y tazas,Profesiones,Tazas profesiones,Diseño,/assets/store/61-farmaceutico-860.jpg,"Hola, Creaciones DM. Quiero cotizar este diseño del catálogo: 61 Farmaceutico. Tipo: Mugs y tazas. Ocasión: Profesiones."
62-dj-861,62 DJ,Mugs y tazas,Profesiones,Tazas profesiones,Diseño,/assets/store/62-dj-861.jpg,"Hola, Creaciones DM. Quiero cotizar este diseño del catálogo: 62 DJ. Tipo: Mugs y tazas. Ocasión: Profesiones."
63-mesero-862,63 Mesero,Mugs y tazas,Profesiones,Tazas profesiones,Diseño,/assets/store/63-mesero-862.jpg,"Hola, Creaciones DM. Quiero cotizar este diseño del catálogo: 63 Mesero. Tipo: Mugs y tazas. Ocasión: Profesiones."
64-mesero-863,64 Mesero,Mugs y tazas,Profesiones,Tazas profesiones,Diseño,/assets/store/64-mesero-863.jpg,"Hola, Creaciones DM. Quiero cotizar este diseño del catálogo: 64 Mesero. Tipo: Mugs y tazas. Ocasión: Profesiones."
65-chef-864,65 Chef,Mugs y tazas,Profesiones,Tazas profesiones,Diseño,/assets/store/65-chef-864.jpg,"Hola, Creaciones DM. Quiero cotizar este diseño del catálogo: 65 Chef. Tipo: Mugs y tazas. Ocasión: Profesiones."
66-chef-865,66 Chef,Mugs y tazas,Profesiones,Tazas profesiones,Diseño,/assets/store/66-chef-865.jpg,"Hola, Creaciones DM. Quiero cotizar este diseño del catálogo: 66 Chef. Tipo: Mugs y tazas. Ocasión: Profesiones."
67-chef-866,67 Chef,Mugs y tazas,Profesiones,Tazas profesiones,Diseño,/assets/store/67-chef-866.jpg,"Hola, Creaciones DM. Quiero cotizar este diseño del catálogo: 67 Chef. Tipo: Mugs y tazas. Ocasión: Profesiones."
68-chef-867,68 Chef,Mugs y tazas,Profesiones,Tazas profesiones,Diseño,/assets/store/68-chef-867.jpg,"Hola, Creaciones DM. Quiero cotizar este diseño del catálogo: 68 Chef. Tipo: Mugs y tazas. Ocasión: Profesiones."
69-chef-868,69 Chef,Mugs y tazas,Profesiones,Tazas profesiones,Diseño,/assets/store/69-chef-868.jpg,"Hola, Creaciones DM. Quiero cotizar este diseño del catálogo: 69 Chef. Tipo: Mugs y tazas. Ocasión: Profesiones."
70-chef-869,70 Chef,Mugs y tazas,Profesiones,Tazas profesiones,Diseño,/assets/store/70-chef-869.jpg,"Hola, Creaciones DM. Quiero cotizar este diseño del catálogo: 70 Chef. Tipo: Mugs y tazas. Ocasión: Profesiones."
71-chef-870,71 Chef,Mugs y tazas,Profesiones,Tazas profesiones,Diseño,/assets/store/71-chef-870.jpg,"Hola, Creaciones DM. Quiero cotizar este diseño del catálogo: 71 Chef. Tipo: Mugs y tazas. Ocasión: Profesiones."
72-informatico-871,72 Informatico,Mugs y tazas,Profesiones,Tazas profesiones,Diseño,/assets/store/72-informatico-871.jpg,"Hola, Creaciones DM. Quiero cotizar este diseño del catálogo: 72 Informatico. Tipo: Mugs y tazas. Ocasión: Profesiones."
73-informatico-872,73 Informatico,Mugs y tazas,Profesiones,Tazas profesiones,Diseño,/assets/store/73-informatico-872.jpg,"Hola, Creaciones DM. Quiero cotizar este diseño del catálogo: 73 Informatico. Tipo: Mugs y tazas. Ocasión: Profesiones."
74-informatico-873,74 Informatico,Mugs y tazas,Profesiones,Tazas profesiones,Diseño,/assets/store/74-informatico-873.jpg,"Hola, Creaciones DM. Quiero cotizar este diseño del catálogo: 74 Informatico. Tipo: Mugs y tazas. Ocasión: Profesiones."
75-mecanico-874,75 Mecanico,Mugs y tazas,Profesiones,Tazas profesiones,Diseño,/assets/store/75-mecanico-874.jpg,"Hola, Creaciones DM. Quiero cotizar este diseño del catálogo: 75 Mecanico. Tipo: Mugs y tazas. Ocasión: Profesiones."
76-mecanico-875,76 Mecanico,Mugs y tazas,Profesiones,Tazas profesiones,Diseño,/assets/store/76-mecanico-875.jpg,"Hola, Creaciones DM. Quiero cotizar este diseño del catálogo: 76 Mecanico. Tipo: Mugs y tazas. Ocasión: Profesiones."
77-mecanico-876,77 Mecanico,Mugs y tazas,Profesiones,Tazas profesiones,Diseño,/assets/store/77-mecanico-876.jpg,"Hola, Creaciones DM. Quiero cotizar este diseño del catálogo: 77 Mecanico. Tipo: Mugs y tazas. Ocasión: Profesiones."
78-mecanico-877,78 Mecanico,Mugs y tazas,Profesiones,Tazas profesiones,Diseño,/assets/store/78-mecanico-877.jpg,"Hola, Creaciones DM. Quiero cotizar este diseño del catálogo: 78 Mecanico. Tipo: Mugs y tazas. Ocasión: Profesiones."
79mecanico-878,79Mecanico,Mugs y tazas,Profesiones,Tazas profesiones,Diseño,/assets/store/79mecanico-878.jpg,"Hola, Creaciones DM. Quiero cotizar este diseño del catálogo: 79Mecanico. Tipo: Mugs y tazas. Ocasión: Profesiones."
80-construtor-879,80 Construtor,Mugs y tazas,Profesiones,Tazas profesiones,Diseño,/assets/store/80-construtor-879.jpg,"Hola, Creaciones DM. Quiero cotizar este diseño del catálogo: 80 Construtor. Tipo: Mugs y tazas. Ocasión: Profesiones."
81-albanil-880,81 Albañil,Mugs y tazas,Profesiones,Tazas profesiones,Diseño,/assets/store/81-albanil-880.jpg,"Hola, Creaciones DM. Quiero cotizar este diseño del catálogo: 81 Albañil. Tipo: Mugs y tazas. Ocasión: Profesiones."
82-albanil-881,82 Albañil,Mugs y tazas,Profesiones,Tazas profesiones,Diseño,/assets/store/82-albanil-881.jpg,"Hola, Creaciones DM. Quiero cotizar este diseño del catálogo: 82 Albañil. Tipo: Mugs y tazas. Ocasión: Profesiones."
83-albanil-882,83 Albañil,Mugs y tazas,Profesiones,Tazas profesiones,Diseño,/assets/store/83-albanil-882.jpg,"Hola, Creaciones DM. Quiero cotizar este diseño del catálogo: 83 Albañil. Tipo: Mugs y tazas. Ocasión: Profesiones."
84-albanil-883,84 Albañil,Mugs y tazas,Profesiones,Tazas profesiones,Diseño,/assets/store/84-albanil-883.jpg,"Hola, Creaciones DM. Quiero cotizar este diseño del catálogo: 84 Albañil. Tipo: Mugs y tazas. Ocasión: Profesiones."
85-musico-884,85 Musico,Mugs y tazas,Profesiones,Tazas profesiones,Diseño,/assets/store/85-musico-884.jpg,"Hola, Creaciones DM. Quiero cotizar este diseño del catálogo: 85 Musico. Tipo: Mugs y tazas. Ocasión: Profesiones."
86-musico-885,86 Musico,Mugs y tazas,Profesiones,Tazas profesiones,Diseño,/assets/store/86-musico-885.jpg,"Hola, Creaciones DM. Quiero cotizar este diseño del catálogo: 86 Musico. Tipo: Mugs y tazas. Ocasión: Profesiones."
87-musico-886,87 Musico,Mugs y tazas,Profesiones,Tazas profesiones,Diseño,/assets/store/87-musico-886.jpg,"Hola, Creaciones DM. Quiero cotizar este diseño del catálogo: 87 Musico. Tipo: Mugs y tazas. Ocasión: Profesiones."
88-nutricionista-887,88 Nutricionista,Mugs y tazas,Profesiones,Tazas profesiones,Diseño,/assets/store/88-nutricionista-887.jpg,"Hola, Creaciones DM. Quiero cotizar este diseño del catálogo: 88 Nutricionista. Tipo: Mugs y tazas. Ocasión: Profesiones."
89-pintor-888,89 Pintor,Mugs y tazas,Profesiones,Tazas profesiones,Diseño,/assets/store/89-pintor-888.jpg,"Hola, Creaciones DM. Quiero cotizar este diseño del catálogo: 89 Pintor. Tipo: Mugs y tazas. Ocasión: Profesiones."
90-pintor-889,90 Pintor,Mugs y tazas,Profesiones,Tazas profesiones,Diseño,/assets/store/90-pintor-889.jpg,"Hola, Creaciones DM. Quiero cotizar este diseño del catálogo: 90 Pintor. Tipo: Mugs y tazas. Ocasión: Profesiones."
91-pintor-890,91 Pintor,Mugs y tazas,Profesiones,Tazas profesiones,Diseño,/assets/store/91-pintor-890.jpg,"Hola, Creaciones DM. Quiero cotizar este diseño del catálogo: 91 Pintor. Tipo: Mugs y tazas. Ocasión: Profesiones."
92-policia-891,92 Policia,Mugs y tazas,Profesiones,Tazas profesiones,Diseño,/assets/store/92-policia-891.jpg,"Hola, Creaciones DM. Quiero cotizar este diseño del catálogo: 92 Policia. Tipo: Mugs y tazas. Ocasión: Profesiones."
93-policia-892,93 Policia,Mugs y tazas,Profesiones,Tazas profesiones,Diseño,/assets/store/93-policia-892.jpg,"Hola, Creaciones DM. Quiero cotizar este diseño del catálogo: 93 Policia. Tipo: Mugs y tazas. Ocasión: Profesiones."
94-policia-893,94 Policia,Mugs y tazas,Profesiones,Tazas profesiones,Diseño,/assets/store/94-policia-893.jpg,"Hola, Creaciones DM. Quiero cotizar este diseño del catálogo: 94 Policia. Tipo: Mugs y tazas. Ocasión: Profesiones."
95-policia-894,95 Policia,Mugs y tazas,Profesiones,Tazas profesiones,Diseño,/assets/store/95-policia-894.jpg,"Hola, Creaciones DM. Quiero cotizar este diseño del catálogo: 95 Policia. Tipo: Mugs y tazas. Ocasión: Profesiones."
96-policia-895,96 Policia,Mugs y tazas,Profesiones,Tazas profesiones,Diseño,/assets/store/96-policia-895.jpg,"Hola, Creaciones DM. Quiero cotizar este diseño del catálogo: 96 Policia. Tipo: Mugs y tazas. Ocasión: Profesiones."
97-policia-896,97 Policia,Mugs y tazas,Profesiones,Tazas profesiones,Diseño,/assets/store/97-policia-896.jpg,"Hola, Creaciones DM. Quiero cotizar este diseño del catálogo: 97 Policia. Tipo: Mugs y tazas. Ocasión: Profesiones."
98-policia-897,98 Policia,Mugs y tazas,Profesiones,Tazas profesiones,Diseño,/assets/store/98-policia-897.jpg,"Hola, Creaciones DM. Quiero cotizar este diseño del catálogo: 98 Policia. Tipo: Mugs y tazas. Ocasión: Profesiones."
99-policia-898,99 Policia,Mugs y tazas,Profesiones,Tazas profesiones,Diseño,/assets/store/99-policia-898.jpg,"Hola, Creaciones DM. Quiero cotizar este diseño del catálogo: 99 Policia. Tipo: Mugs y tazas. Ocasión: Profesiones."
201-abogado-899,201 Abogado,Mugs y tazas,Profesiones,Tazas profesiones,Diseño,/assets/store/201-abogado-899.jpg,"Hola, Creaciones DM. Quiero cotizar este diseño del catálogo: 201 Abogado. Tipo: Mugs y tazas. Ocasión: Profesiones."
202-chef-900,202 Chef,Mugs y tazas,Profesiones,Tazas profesiones,Diseño,/assets/store/202-chef-900.jpg,"Hola, Creaciones DM. Quiero cotizar este diseño del catálogo: 202 Chef. Tipo: Mugs y tazas. Ocasión: Profesiones."
203-administrador-901,203 Administrador,Mugs y tazas,Profesiones,Tazas profesiones,Diseño,/assets/store/203-administrador-901.jpg,"Hola, Creaciones DM. Quiero cotizar este diseño del catálogo: 203 Administrador. Tipo: Mugs y tazas. Ocasión: Profesiones."
204-administradora-902,204 Administradora,Mugs y tazas,Profesiones,Tazas profesiones,Diseño,/assets/store/204-administradora-902.jpg,"Hola, Creaciones DM. Quiero cotizar este diseño del catálogo: 204 Administradora. Tipo: Mugs y tazas. Ocasión: Profesiones."
205-chef-903,205 Chef,Mugs y tazas,Profesiones,Tazas profesiones,Diseño,/assets/store/205-chef-903.jpg,"Hola, Creaciones DM. Quiero cotizar este diseño del catálogo: 205 Chef. Tipo: Mugs y tazas. Ocasión: Profesiones."
206-abogada-904,206 Abogada,Mugs y tazas,Profesiones,Tazas profesiones,Diseño,/assets/store/206-abogada-904.jpg,"Hola, Creaciones DM. Quiero cotizar este diseño del catálogo: 206 Abogada. Tipo: Mugs y tazas. Ocasión: Profesiones."
207-abogado-905,207 Abogado,Mugs y tazas,Profesiones,Tazas profesiones,Diseño,/assets/store/207-abogado-905.jpg,"Hola, Creaciones DM. Quiero cotizar este diseño del catálogo: 207 Abogado. Tipo: Mugs y tazas. Ocasión: Profesiones."
208-administrador-de-empresas-906,208 Administrador de Empresas,Mugs y tazas,Profesiones,Tazas profesiones,Diseño,/assets/store/208-administrador-de-empresas-906.jpg,"Hola, Creaciones DM. Quiero cotizar este diseño del catálogo: 208 Administrador de Empresas. Tipo: Mugs y tazas. Ocasión: Profesiones."
209-administrador-de-empresas-907,209 Administrador de Empresas,Mugs y tazas,Profesiones,Tazas profesiones,Diseño,/assets/store/209-administrador-de-empresas-907.jpg,"Hola, Creaciones DM. Quiero cotizar este diseño del catálogo: 209 Administrador de Empresas. Tipo: Mugs y tazas. Ocasión: Profesiones."
210-arquitecta-908,210 Arquitecta,Mugs y tazas,Profesiones,Tazas profesiones,Diseño,/assets/store/210-arquitecta-908.jpg,"Hola, Creaciones DM. Quiero cotizar este diseño del catálogo: 210 Arquitecta. Tipo: Mugs y tazas. Ocasión: Profesiones."
211-arquitecto-909,211 Arquitecto,Mugs y tazas,Profesiones,Tazas profesiones,Diseño,/assets/store/211-arquitecto-909.jpg,"Hola, Creaciones DM. Quiero cotizar este diseño del catálogo: 211 Arquitecto. Tipo: Mugs y tazas. Ocasión: Profesiones."
212-asesor-comercial-910,212 Asesor Comercial,Mugs y tazas,Profesiones,Tazas profesiones,Diseño,/assets/store/212-asesor-comercial-910.jpg,"Hola, Creaciones DM. Quiero cotizar este diseño del catálogo: 212 Asesor Comercial. Tipo: Mugs y tazas. Ocasión: Profesiones."
213-bacteriologa-911,213 Bacteriologa,Mugs y tazas,Profesiones,Tazas profesiones,Diseño,/assets/store/213-bacteriologa-911.jpg,"Hola, Creaciones DM. Quiero cotizar este diseño del catálogo: 213 Bacteriologa. Tipo: Mugs y tazas. Ocasión: Profesiones."
214-bacteriologa-912,214 Bacteriologa,Mugs y tazas,Profesiones,Tazas profesiones,Diseño,/assets/store/214-bacteriologa-912.jpg,"Hola, Creaciones DM. Quiero cotizar este diseño del catálogo: 214 Bacteriologa. Tipo: Mugs y tazas. Ocasión: Profesiones."
215-bacteriologo-913,215 Bacteriologo,Mugs y tazas,Profesiones,Tazas profesiones,Diseño,/assets/store/215-bacteriologo-913.jpg,"Hola, Creaciones DM. Quiero cotizar este diseño del catálogo: 215 Bacteriologo. Tipo: Mugs y tazas. Ocasión: Profesiones."
216-bacteriologo-914,216 Bacteriologo,Mugs y tazas,Profesiones,Tazas profesiones,Diseño,/assets/store/216-bacteriologo-914.jpg,"Hola, Creaciones DM. Quiero cotizar este diseño del catálogo: 216 Bacteriologo. Tipo: Mugs y tazas. Ocasión: Profesiones."
217-bibliotecologa-915,217 Bibliotecologa,Mugs y tazas,Profesiones,Tazas profesiones,Diseño,/assets/store/217-bibliotecologa-915.jpg,"Hola, Creaciones DM. Quiero cotizar este diseño del catálogo: 217 Bibliotecologa. Tipo: Mugs y tazas. Ocasión: Profesiones."
218-cardiologo-916,218 Cardiologo,Mugs y tazas,Profesiones,Tazas profesiones,Diseño,/assets/store/218-cardiologo-916.jpg,"Hola, Creaciones DM. Quiero cotizar este diseño del catálogo: 218 Cardiologo. Tipo: Mugs y tazas. Ocasión: Profesiones."
219-chef-917,219 Chef,Mugs y tazas,Profesiones,Tazas profesiones,Diseño,/assets/store/219-chef-917.jpg,"Hola, Creaciones DM. Quiero cotizar este diseño del catálogo: 219 Chef. Tipo: Mugs y tazas. Ocasión: Profesiones."
220-chef-918,220 Chef,Mugs y tazas,Profesiones,Tazas profesiones,Diseño,/assets/store/220-chef-918.jpg,"Hola, Creaciones DM. Quiero cotizar este diseño del catálogo: 220 Chef. Tipo: Mugs y tazas. Ocasión: Profesiones."
221-cirujana-919,221 Cirujana,Mugs y tazas,Profesiones,Tazas profesiones,Diseño,/assets/store/221-cirujana-919.jpg,"Hola, Creaciones DM. Quiero cotizar este diseño del catálogo: 221 Cirujana. Tipo: Mugs y tazas. Ocasión: Profesiones."
222-cirujano-920,222 Cirujano,Mugs y tazas,Profesiones,Tazas profesiones,Diseño,/assets/store/222-cirujano-920.jpg,"Hola, Creaciones DM. Quiero cotizar este diseño del catálogo: 222 Cirujano. Tipo: Mugs y tazas. Ocasión: Profesiones."
223-contador-921,223 Contador,Mugs y tazas,Profesiones,Tazas profesiones,Diseño,/assets/store/223-contador-921.jpg,"Hola, Creaciones DM. Quiero cotizar este diseño del catálogo: 223 Contador. Tipo: Mugs y tazas. Ocasión: Profesiones."
224-contadora-922,224 Contadora,Mugs y tazas,Profesiones,Tazas profesiones,Diseño,/assets/store/224-contadora-922.jpg,"Hola, Creaciones DM. Quiero cotizar este diseño del catálogo: 224 Contadora. Tipo: Mugs y tazas. Ocasión: Profesiones."
225-controlador-aereo-923,225 Controlador Aereo,Mugs y tazas,Profesiones,Tazas profesiones,Diseño,/assets/store/225-controlador-aereo-923.jpg,"Hola, Creaciones DM. Quiero cotizar este diseño del catálogo: 225 Controlador Aereo. Tipo: Mugs y tazas. Ocasión: Profesiones."
226-controlador-aereo-924,226 Controlador Aereo,Mugs y tazas,Profesiones,Tazas profesiones,Diseño,/assets/store/226-controlador-aereo-924.jpg,"Hola, Creaciones DM. Quiero cotizar este diseño del catálogo: 226 Controlador Aereo. Tipo: Mugs y tazas. Ocasión: Profesiones."
227-disenadora-de-modas-925,227 Diseñadora de Modas,Mugs y tazas,Profesiones,Tazas profesiones,Diseño,/assets/store/227-disenadora-de-modas-925.jpg,"Hola, Creaciones DM. Quiero cotizar este diseño del catálogo: 227 Diseñadora de Modas. Tipo: Mugs y tazas. Ocasión: Profesiones."
228-electricista-926,228 Electricista,Mugs y tazas,Profesiones,Tazas profesiones,Diseño,/assets/store/228-electricista-926.jpg,"Hola, Creaciones DM. Quiero cotizar este diseño del catálogo: 228 Electricista. Tipo: Mugs y tazas. Ocasión: Profesiones."
229-enfermera-927,229 Enfermera,Mugs y tazas,Profesiones,Tazas profesiones,Diseño,/assets/store/229-enfermera-927.jpg,"Hola, Creaciones DM. Quiero cotizar este diseño del catálogo: 229 Enfermera. Tipo: Mugs y tazas. Ocasión: Profesiones."
230-enfermero-928,230 Enfermero,Mugs y tazas,Profesiones,Tazas profesiones,Diseño,/assets/store/230-enfermero-928.jpg,"Hola, Creaciones DM. Quiero cotizar este diseño del catálogo: 230 Enfermero. Tipo: Mugs y tazas. Ocasión: Profesiones."
231-estilista-929,231 Estilista,Mugs y tazas,Profesiones,Tazas profesiones,Diseño,/assets/store/231-estilista-929.jpg,"Hola, Creaciones DM. Quiero cotizar este diseño del catálogo: 231 Estilista. Tipo: Mugs y tazas. Ocasión: Profesiones."
232-farmaceuta-hombre-930,232 Farmaceuta Hombre,Mugs y tazas,Profesiones,Tazas profesiones,Diseño,/assets/store/232-farmaceuta-hombre-930.jpg,"Hola, Creaciones DM. Quiero cotizar este diseño del catálogo: 232 Farmaceuta Hombre. Tipo: Mugs y tazas. Ocasión: Profesiones."
233-farmaceuta-931,233 Farmaceuta,Mugs y tazas,Profesiones,Tazas profesiones,Diseño,/assets/store/233-farmaceuta-931.jpg,"Hola, Creaciones DM. Quiero cotizar este diseño del catálogo: 233 Farmaceuta. Tipo: Mugs y tazas. Ocasión: Profesiones."
234-fisioterapeuta-hombre-932,234 Fisioterapeuta Hombre,Mugs y tazas,Profesiones,Tazas profesiones,Diseño,/assets/store/234-fisioterapeuta-hombre-932.jpg,"Hola, Creaciones DM. Quiero cotizar este diseño del catálogo: 234 Fisioterapeuta Hombre. Tipo: Mugs y tazas. Ocasión: Profesiones."
235-fisioterapeuta-933,235 Fisioterapeuta,Mugs y tazas,Profesiones,Tazas profesiones,Diseño,/assets/store/235-fisioterapeuta-933.jpg,"Hola, Creaciones DM. Quiero cotizar este diseño del catálogo: 235 Fisioterapeuta. Tipo: Mugs y tazas. Ocasión: Profesiones."
236-fisioterapeuta-934,236 Fisioterapeuta,Mugs y tazas,Profesiones,Tazas profesiones,Diseño,/assets/store/236-fisioterapeuta-934.jpg,"Hola, Creaciones DM. Quiero cotizar este diseño del catálogo: 236 Fisioterapeuta. Tipo: Mugs y tazas. Ocasión: Profesiones."
237-fisioterapeuta-935,237 Fisioterapeuta,Mugs y tazas,Profesiones,Tazas profesiones,Diseño,/assets/store/237-fisioterapeuta-935.jpg,"Hola, Creaciones DM. Quiero cotizar este diseño del catálogo: 237 Fisioterapeuta. Tipo: Mugs y tazas. Ocasión: Profesiones."
238-fonoaudiologa-936,238 Fonoaudiologa,Mugs y tazas,Profesiones,Tazas profesiones,Diseño,/assets/store/238-fonoaudiologa-936.jpg,"Hola, Creaciones DM. Quiero cotizar este diseño del catálogo: 238 Fonoaudiologa. Tipo: Mugs y tazas. Ocasión: Profesiones."
239-fonoaudiologo-937,239 Fonoaudiologo,Mugs y tazas,Profesiones,Tazas profesiones,Diseño,/assets/store/239-fonoaudiologo-937.jpg,"Hola, Creaciones DM. Quiero cotizar este diseño del catálogo: 239 Fonoaudiologo. Tipo: Mugs y tazas. Ocasión: Profesiones."
240-gestion-documental-938,240 Gestion Documental,Mugs y tazas,Profesiones,Tazas profesiones,Diseño,/assets/store/240-gestion-documental-938.jpg,"Hola, Creaciones DM. Quiero cotizar este diseño del catálogo: 240 Gestion Documental. Tipo: Mugs y tazas. Ocasión: Profesiones."
241-guia-turistica-939,241 Guia Turistica,Mugs y tazas,Profesiones,Tazas profesiones,Diseño,/assets/store/241-guia-turistica-939.jpg,"Hola, Creaciones DM. Quiero cotizar este diseño del catálogo: 241 Guia Turistica. Tipo: Mugs y tazas. Ocasión: Profesiones."
242-hematologa-940,242 Hematologa,Mugs y tazas,Profesiones,Tazas profesiones,Diseño,/assets/store/242-hematologa-940.jpg,"Hola, Creaciones DM. Quiero cotizar este diseño del catálogo: 242 Hematologa. Tipo: Mugs y tazas. Ocasión: Profesiones."
243-hematologo-941,243 Hematologo,Mugs y tazas,Profesiones,Tazas profesiones,Diseño,/assets/store/243-hematologo-941.jpg,"Hola, Creaciones DM. Quiero cotizar este diseño del catálogo: 243 Hematologo. Tipo: Mugs y tazas. Ocasión: Profesiones."
244-higienista-dental-hombre-942,244 Higienista Dental Hombre,Mugs y tazas,Profesiones,Tazas profesiones,Diseño,/assets/store/244-higienista-dental-hombre-942.jpg,"Hola, Creaciones DM. Quiero cotizar este diseño del catálogo: 244 Higienista Dental Hombre. Tipo: Mugs y tazas. Ocasión: Profesiones."
245-higienista-dental-943,245 Higienista Dental,Mugs y tazas,Profesiones,Tazas profesiones,Diseño,/assets/store/245-higienista-dental-943.jpg,"Hola, Creaciones DM. Quiero cotizar este diseño del catálogo: 245 Higienista Dental. Tipo: Mugs y tazas. Ocasión: Profesiones."
246-ingeniera-944,246 Ingeniera,Mugs y tazas,Profesiones,Tazas profesiones,Diseño,/assets/store/246-ingeniera-944.jpg,"Hola, Creaciones DM. Quiero cotizar este diseño del catálogo: 246 Ingeniera. Tipo: Mugs y tazas. Ocasión: Profesiones."
247-ingeniero-945,247 Ingeniero,Mugs y tazas,Profesiones,Tazas profesiones,Diseño,/assets/store/247-ingeniero-945.jpg,"Hola, Creaciones DM. Quiero cotizar este diseño del catálogo: 247 Ingeniero. Tipo: Mugs y tazas. Ocasión: Profesiones."
248-jefe-de-bodega-946,248 Jefe de Bodega,Mugs y tazas,Profesiones,Tazas profesiones,Diseño,/assets/store/248-jefe-de-bodega-946.jpg,"Hola, Creaciones DM. Quiero cotizar este diseño del catálogo: 248 Jefe de Bodega. Tipo: Mugs y tazas. Ocasión: Profesiones."
249-maestra-947,249 Maestra,Mugs y tazas,Profesiones,Tazas profesiones,Diseño,/assets/store/249-maestra-947.jpg,"Hola, Creaciones DM. Quiero cotizar este diseño del catálogo: 249 Maestra. Tipo: Mugs y tazas. Ocasión: Profesiones."
250-maestro-948,250 Maestro,Mugs y tazas,Profesiones,Tazas profesiones,Diseño,/assets/store/250-maestro-948.jpg,"Hola, Creaciones DM. Quiero cotizar este diseño del catálogo: 250 Maestro. Tipo: Mugs y tazas. Ocasión: Profesiones."
251-maquilladora-949,251 Maquilladora,Mugs y tazas,Profesiones,Tazas profesiones,Diseño,/assets/store/251-maquilladora-949.jpg,"Hola, Creaciones DM. Quiero cotizar este diseño del catálogo: 251 Maquilladora. Tipo: Mugs y tazas. Ocasión: Profesiones."
252-medica-950,252 Medica,Mugs y tazas,Profesiones,Tazas profesiones,Diseño,/assets/store/252-medica-950.jpg,"Hola, Creaciones DM. Quiero cotizar este diseño del catálogo: 252 Medica. Tipo: Mugs y tazas. Ocasión: Profesiones."
253-medico-951,253 Medico,Mugs y tazas,Profesiones,Tazas profesiones,Diseño,/assets/store/253-medico-951.jpg,"Hola, Creaciones DM. Quiero cotizar este diseño del catálogo: 253 Medico. Tipo: Mugs y tazas. Ocasión: Profesiones."
254-modista-952,254 Modista,Mugs y tazas,Profesiones,Tazas profesiones,Diseño,/assets/store/254-modista-952.jpg,"Hola, Creaciones DM. Quiero cotizar este diseño del catálogo: 254 Modista. Tipo: Mugs y tazas. Ocasión: Profesiones."
255-neurocirujano-953,255 Neurocirujano,Mugs y tazas,Profesiones,Tazas profesiones,Diseño,/assets/store/255-neurocirujano-953.jpg,"Hola, Creaciones DM. Quiero cotizar este diseño del catálogo: 255 Neurocirujano. Tipo: Mugs y tazas. Ocasión: Profesiones."
256-neurologa-954,256 Neurologa,Mugs y tazas,Profesiones,Tazas profesiones,Diseño,/assets/store/256-neurologa-954.jpg,"Hola, Creaciones DM. Quiero cotizar este diseño del catálogo: 256 Neurologa. Tipo: Mugs y tazas. Ocasión: Profesiones."
257-neurologo-955,257 Neurologo,Mugs y tazas,Profesiones,Tazas profesiones,Diseño,/assets/store/257-neurologo-955.jpg,"Hola, Creaciones DM. Quiero cotizar este diseño del catálogo: 257 Neurologo. Tipo: Mugs y tazas. Ocasión: Profesiones."
258-nutricionista-956,258 Nutricionista,Mugs y tazas,Profesiones,Tazas profesiones,Diseño,/assets/store/258-nutricionista-956.jpg,"Hola, Creaciones DM. Quiero cotizar este diseño del catálogo: 258 Nutricionista. Tipo: Mugs y tazas. Ocasión: Profesiones."
259-nutricionista-957,259 Nutricionista,Mugs y tazas,Profesiones,Tazas profesiones,Diseño,/assets/store/259-nutricionista-957.jpg,"Hola, Creaciones DM. Quiero cotizar este diseño del catálogo: 259 Nutricionista. Tipo: Mugs y tazas. Ocasión: Profesiones."
260-odontologa-958,260 Odontóloga,Mugs y tazas,Profesiones,Tazas profesiones,Diseño,/assets/store/260-odontologa-958.jpg,"Hola, Creaciones DM. Quiero cotizar este diseño del catálogo: 260 Odontóloga. Tipo: Mugs y tazas. Ocasión: Profesiones."
261-odontologo-959,261 Odontólogo,Mugs y tazas,Profesiones,Tazas profesiones,Diseño,/assets/store/261-odontologo-959.jpg,"Hola, Creaciones DM. Quiero cotizar este diseño del catálogo: 261 Odontólogo. Tipo: Mugs y tazas. Ocasión: Profesiones."
262-paramedica-960,262 Paramedica,Mugs y tazas,Profesiones,Tazas profesiones,Diseño,/assets/store/262-paramedica-960.jpg,"Hola, Creaciones DM. Quiero cotizar este diseño del catálogo: 262 Paramedica. Tipo: Mugs y tazas. Ocasión: Profesiones."
263-paramedico-961,263 Paramedico,Mugs y tazas,Profesiones,Tazas profesiones,Diseño,/assets/store/263-paramedico-961.jpg,"Hola, Creaciones DM. Quiero cotizar este diseño del catálogo: 263 Paramedico. Tipo: Mugs y tazas. Ocasión: Profesiones."
264-pediatra-962,264 Pediatra,Mugs y tazas,Profesiones,Tazas profesiones,Diseño,/assets/store/264-pediatra-962.jpg,"Hola, Creaciones DM. Quiero cotizar este diseño del catálogo: 264 Pediatra. Tipo: Mugs y tazas. Ocasión: Profesiones."
265-pediatra-963,265 Pediatra,Mugs y tazas,Profesiones,Tazas profesiones,Diseño,/assets/store/265-pediatra-963.jpg,"Hola, Creaciones DM. Quiero cotizar este diseño del catálogo: 265 Pediatra. Tipo: Mugs y tazas. Ocasión: Profesiones."
266-pediatra-964,266 Pediatra,Mugs y tazas,Profesiones,Tazas profesiones,Diseño,/assets/store/266-pediatra-964.jpg,"Hola, Creaciones DM. Quiero cotizar este diseño del catálogo: 266 Pediatra. Tipo: Mugs y tazas. Ocasión: Profesiones."
267-pediatra-965,267 Pediatra,Mugs y tazas,Profesiones,Tazas profesiones,Diseño,/assets/store/267-pediatra-965.jpg,"Hola, Creaciones DM. Quiero cotizar este diseño del catálogo: 267 Pediatra. Tipo: Mugs y tazas. Ocasión: Profesiones."
268-programador-966,268 Programador,Mugs y tazas,Profesiones,Tazas profesiones,Diseño,/assets/store/268-programador-966.jpg,"Hola, Creaciones DM. Quiero cotizar este diseño del catálogo: 268 Programador. Tipo: Mugs y tazas. Ocasión: Profesiones."
269-protesista-dental-967,269 Protesista Dental,Mugs y tazas,Profesiones,Tazas profesiones,Diseño,/assets/store/269-protesista-dental-967.jpg,"Hola, Creaciones DM. Quiero cotizar este diseño del catálogo: 269 Protesista Dental. Tipo: Mugs y tazas. Ocasión: Profesiones."
270-quimica-farmaceutica-968,270 Quimica Farmaceutica,Mugs y tazas,Profesiones,Tazas profesiones,Diseño,/assets/store/270-quimica-farmaceutica-968.jpg,"Hola, Creaciones DM. Quiero cotizar este diseño del catálogo: 270 Quimica Farmaceutica. Tipo: Mugs y tazas. Ocasión: Profesiones."
271-radiologa-969,271 Radiologa,Mugs y tazas,Profesiones,Tazas profesiones,Diseño,/assets/store/271-radiologa-969.jpg,"Hola, Creaciones DM. Quiero cotizar este diseño del catálogo: 271 Radiologa. Tipo: Mugs y tazas. Ocasión: Profesiones."
272-radiologo-970,272 Radiologo,Mugs y tazas,Profesiones,Tazas profesiones,Diseño,/assets/store/272-radiologo-970.jpg,"Hola, Creaciones DM. Quiero cotizar este diseño del catálogo: 272 Radiologo. Tipo: Mugs y tazas. Ocasión: Profesiones."
273-veterinaria-971,273 Veterinaria,Mugs y tazas,Profesiones,Tazas profesiones,Diseño,/assets/store/273-veterinaria-971.jpg,"Hola, Creaciones DM. Quiero cotizar este diseño del catálogo: 273 Veterinaria. Tipo: Mugs y tazas. Ocasión: Profesiones."
274-veterinario-972,274 Veterinario,Mugs y tazas,Profesiones,Tazas profesiones,Diseño,/assets/store/274-veterinario-972.jpg,"Hola, Creaciones DM. Quiero cotizar este diseño del catálogo: 274 Veterinario. Tipo: Mugs y tazas. Ocasión: Profesiones."
275-abuela-973,275 Abuela,Mugs y tazas,Familia,Tazas profesiones,Diseño,/assets/store/275-abuela-973.jpg,"Hola, Creaciones DM. Quiero cotizar este diseño del catálogo: 275 Abuela. Tipo: Mugs y tazas. Ocasión: Familia."
276-amiga-974,276 Amiga,Mugs y tazas,Profesiones,Tazas profesiones,Diseño,/assets/store/276-amiga-974.jpg,"Hola, Creaciones DM. Quiero cotizar este diseño del catálogo: 276 Amiga. Tipo: Mugs y tazas. Ocasión: Profesiones."
277-abuelo-975,277 Abuelo,Mugs y tazas,Familia,Colección abuelos,Diseño,/assets/store/277-abuelo-975.jpg,"Hola, Creaciones DM. Quiero cotizar este diseño del catálogo: 277 Abuelo. Tipo: Mugs y tazas. Ocasión: Familia."
278-mama-976,278 Mama,Mugs y tazas,Profesiones,Tazas profesiones,Diseño,/assets/store/278-mama-976.jpg,"Hola, Creaciones DM. Quiero cotizar este diseño del catálogo: 278 Mama. Tipo: Mugs y tazas. Ocasión: Profesiones."
279-cumpleanos-977,279 Cumpleaños,Mugs y tazas,Profesiones,Tazas profesiones,Diseño,/assets/store/279-cumpleanos-977.jpg,"Hola, Creaciones DM. Quiero cotizar este diseño del catálogo: 279 Cumpleaños. Tipo: Mugs y tazas. Ocasión: Profesiones."
280-futura-mama-978,280 Futura Mama,Mugs y tazas,Profesiones,Tazas profesiones,Diseño,/assets/store/280-futura-mama-978.jpg,"Hola, Creaciones DM. Quiero cotizar este diseño del catálogo: 280 Futura Mama. Tipo: Mugs y tazas. Ocasión: Profesiones."
281-hermana-979,281 Hermana,Mugs y tazas,Profesiones,Tazas profesiones,Diseño,/assets/store/281-hermana-979.jpg,"Hola, Creaciones DM. Quiero cotizar este diseño del catálogo: 281 Hermana. Tipo: Mugs y tazas. Ocasión: Profesiones."
282-hermana-980,282 Hermana,Mugs y tazas,Profesiones,Tazas profesiones,Diseño,/assets/store/282-hermana-980.jpg,"Hola, Creaciones DM. Quiero cotizar este diseño del catálogo: 282 Hermana. Tipo: Mugs y tazas. Ocasión: Profesiones."
283-hija-981,283 Hija,Mugs y tazas,Profesiones,Tazas profesiones,Diseño,/assets/store/283-hija-981.jpg,"Hola, Creaciones DM. Quiero cotizar este diseño del catálogo: 283 Hija. Tipo: Mugs y tazas. Ocasión: Profesiones."
284-hija-982,284 Hija,Mugs y tazas,Profesiones,Tazas profesiones,Diseño,/assets/store/284-hija-982.jpg,"Hola, Creaciones DM. Quiero cotizar este diseño del catálogo: 284 Hija. Tipo: Mugs y tazas. Ocasión: Profesiones."
285-papa-983,285 Papa,Mugs y tazas,Profesiones,Tazas profesiones,Diseño,/assets/store/285-papa-983.jpg,"Hola, Creaciones DM. Quiero cotizar este diseño del catálogo: 285 Papa. Tipo: Mugs y tazas. Ocasión: Profesiones."
286-hijo-984,286 Hijo,Mugs y tazas,Profesiones,Tazas profesiones,Diseño,/assets/store/286-hijo-984.jpg,"Hola, Creaciones DM. Quiero cotizar este diseño del catálogo: 286 Hijo. Tipo: Mugs y tazas. Ocasión: Profesiones."
287-mama-985,287 Mama,Mugs y tazas,Profesiones,Tazas profesiones,Diseño,/assets/store/287-mama-985.jpg,"Hola, Creaciones DM. Quiero cotizar este diseño del catálogo: 287 Mama. Tipo: Mugs y tazas. Ocasión: Profesiones."
288-mama-986,288 Mama,Mugs y tazas,Profesiones,Tazas profesiones,Diseño,/assets/store/288-mama-986.jpg,"Hola, Creaciones DM. Quiero cotizar este diseño del catálogo: 288 Mama. Tipo: Mugs y tazas. Ocasión: Profesiones."
289-militar-maritimo-987,289 Militar Maritimo,Mugs y tazas,Profesiones,Tazas profesiones,Diseño,/assets/store/289-militar-maritimo-987.jpg,"Hola, Creaciones DM. Quiero cotizar este diseño del catálogo: 289 Militar Maritimo. Tipo: Mugs y tazas. Ocasión: Profesiones."
290-tia-988,290 Tia,Mugs y tazas,Profesiones,Tazas profesiones,Diseño,/assets/store/290-tia-988.jpg,"Hola, Creaciones DM. Quiero cotizar este diseño del catálogo: 290 Tia. Tipo: Mugs y tazas. Ocasión: Profesiones."
291-madrina-989,291 Madrina,Mugs y tazas,Profesiones,Tazas profesiones,Diseño,/assets/store/291-madrina-989.jpg,"Hola, Creaciones DM. Quiero cotizar este diseño del catálogo: 291 Madrina. Tipo: Mugs y tazas. Ocasión: Profesiones."
292-sobrina-990,292 Sobrina,Mugs y tazas,Profesiones,Tazas profesiones,Diseño,/assets/store/292-sobrina-990.jpg,"Hola, Creaciones DM. Quiero cotizar este diseño del catálogo: 292 Sobrina. Tipo: Mugs y tazas. Ocasión: Profesiones."
293-mama-991,293 Mama,Mugs y tazas,Profesiones,Tazas profesiones,Diseño,/assets/store/293-mama-991.jpg,"Hola, Creaciones DM. Quiero cotizar este diseño del catálogo: 293 Mama. Tipo: Mugs y tazas. Ocasión: Profesiones."
294-reina-992,294 Reina,Mugs y tazas,Profesiones,Tazas profesiones,Diseño,/assets/store/294-reina-992.jpg,"Hola, Creaciones DM. Quiero cotizar este diseño del catálogo: 294 Reina. Tipo: Mugs y tazas. Ocasión: Profesiones."
295-princesa-993,295 Princesa,Mugs y tazas,Profesiones,Tazas profesiones,Diseño,/assets/store/295-princesa-993.jpg,"Hola, Creaciones DM. Quiero cotizar este diseño del catálogo: 295 Princesa. Tipo: Mugs y tazas. Ocasión: Profesiones."
296-novio-994,296 Novio,Mugs y tazas,Profesiones,Tazas profesiones,Diseño,/assets/store/296-novio-994.jpg,"Hola, Creaciones DM. Quiero cotizar este diseño del catálogo: 296 Novio. Tipo: Mugs y tazas. Ocasión: Profesiones."
297-995,297,Mugs y tazas,Profesiones,Tazas profesiones,Diseño,/assets/store/297-995.jpg,"Hola, Creaciones DM. Quiero cotizar este diseño del catálogo: 297. Tipo: Mugs y tazas. Ocasión: Profesiones."
298-hija-996,298 Hija,Mugs y tazas,Profesiones,Tazas profesiones,Diseño,/assets/store/298-hija-996.jpg,"Hola, Creaciones DM. Quiero cotizar este diseño del catálogo: 298 Hija. Tipo: Mugs y tazas. Ocasión: Profesiones."
299-hijo-997,299 Hijo,Mugs y tazas,Profesiones,Tazas profesiones,Diseño,/assets/store/299-hijo-997.jpg,"Hola, Creaciones DM. Quiero cotizar este diseño del catálogo: 299 Hijo. Tipo: Mugs y tazas. Ocasión: Profesiones."
300-auxiliar-de-vuelo-998,300 Auxiliar de Vuelo,Mugs y tazas,Profesiones,Tazas profesiones,Diseño,/assets/store/300-auxiliar-de-vuelo-998.jpg,"Hola, Creaciones DM. Quiero cotizar este diseño del catálogo: 300 Auxiliar de Vuelo. Tipo: Mugs y tazas. Ocasión: Profesiones."
301-bombero-999,301 Bombero,Mugs y tazas,Profesiones,Tazas profesiones,Diseño,/assets/store/301-bombero-999.jpg,"Hola, Creaciones DM. Quiero cotizar este diseño del catálogo: 301 Bombero. Tipo: Mugs y tazas. Ocasión: Profesiones."
302-buzo-1000,302 Buzo,Mugs y tazas,Profesiones,Tazas profesiones,Diseño,/assets/store/302-buzo-1000.jpg,"Hola, Creaciones DM. Quiero cotizar este diseño del catálogo: 302 Buzo. Tipo: Mugs y tazas. Ocasión: Profesiones."
303-ingeniera-industrial-1001,303 Ingeniera Industrial,Mugs y tazas,Profesiones,Tazas profesiones,Diseño,/assets/store/303-ingeniera-industrial-1001.jpg,"Hola, Creaciones DM. Quiero cotizar este diseño del catálogo: 303 Ingeniera Industrial. Tipo: Mugs y tazas. Ocasión: Profesiones."
304-investigador-1002,304 Investigador,Mugs y tazas,Profesiones,Tazas profesiones,Diseño,/assets/store/304-investigador-1002.jpg,"Hola, Creaciones DM. Quiero cotizar este diseño del catálogo: 304 Investigador. Tipo: Mugs y tazas. Ocasión: Profesiones."
305-maestra-de-preescolar-1003,305 Maestra de Preescolar,Mugs y tazas,Profesiones,Tazas profesiones,Diseño,/assets/store/305-maestra-de-preescolar-1003.jpg,"Hola, Creaciones DM. Quiero cotizar este diseño del catálogo: 305 Maestra de Preescolar. Tipo: Mugs y tazas. Ocasión: Profesiones."
306-manicurista-1004,306 Manicurista,Mugs y tazas,Profesiones,Tazas profesiones,Diseño,/assets/store/306-manicurista-1004.jpg,"Hola, Creaciones DM. Quiero cotizar este diseño del catálogo: 306 Manicurista. Tipo: Mugs y tazas. Ocasión: Profesiones."
307-mecanico-1005,307 Mecánico,Mugs y tazas,Profesiones,Tazas profesiones,Diseño,/assets/store/307-mecanico-1005.jpg,"Hola, Creaciones DM. Quiero cotizar este diseño del catálogo: 307 Mecánico. Tipo: Mugs y tazas. Ocasión: Profesiones."
308-mensajero-1006,308 Mensajero,Mugs y tazas,Profesiones,Tazas profesiones,Diseño,/assets/store/308-mensajero-1006.jpg,"Hola, Creaciones DM. Quiero cotizar este diseño del catálogo: 308 Mensajero. Tipo: Mugs y tazas. Ocasión: Profesiones."
309-mercadologo-1007,309 Mercadólogo,Mugs y tazas,Profesiones,Tazas profesiones,Diseño,/assets/store/309-mercadologo-1007.jpg,"Hola, Creaciones DM. Quiero cotizar este diseño del catálogo: 309 Mercadólogo. Tipo: Mugs y tazas. Ocasión: Profesiones."
310-militar-1008,310 Militar,Mugs y tazas,Profesiones,Tazas profesiones,Diseño,/assets/store/310-militar-1008.jpg,"Hola, Creaciones DM. Quiero cotizar este diseño del catálogo: 310 Militar. Tipo: Mugs y tazas. Ocasión: Profesiones."
311-patinadora-1009,311 Patinadora,Mugs y tazas,Profesiones,Tazas profesiones,Diseño,/assets/store/311-patinadora-1009.jpg,"Hola, Creaciones DM. Quiero cotizar este diseño del catálogo: 311 Patinadora. Tipo: Mugs y tazas. Ocasión: Profesiones."
312-piloto-1010,312 Piloto,Mugs y tazas,Profesiones,Tazas profesiones,Diseño,/assets/store/312-piloto-1010.jpg,"Hola, Creaciones DM. Quiero cotizar este diseño del catálogo: 312 Piloto. Tipo: Mugs y tazas. Ocasión: Profesiones."
313-policia-1011,313 Policia,Mugs y tazas,Profesiones,Tazas profesiones,Diseño,/assets/store/313-policia-1011.jpg,"Hola, Creaciones DM. Quiero cotizar este diseño del catálogo: 313 Policia. Tipo: Mugs y tazas. Ocasión: Profesiones."
314-productor-musical-1012,314 Productor Musical,Mugs y tazas,Profesiones,Tazas profesiones,Diseño,/assets/store/314-productor-musical-1012.jpg,"Hola, Creaciones DM. Quiero cotizar este diseño del catálogo: 314 Productor Musical. Tipo: Mugs y tazas. Ocasión: Profesiones."
315-maestra-de-matematicas-1013,315 Maestra de Matemáticas,Mugs y tazas,Profesiones,Tazas profesiones,Diseño,/assets/store/315-maestra-de-matematicas-1013.jpg,"Hola, Creaciones DM. Quiero cotizar este diseño del catálogo: 315 Maestra de Matemáticas. Tipo: Mugs y tazas. Ocasión: Profesiones."
316-psicologa-1014,316 Psicologa,Mugs y tazas,Profesiones,Tazas profesiones,Diseño,/assets/store/316-psicologa-1014.jpg,"Hola, Creaciones DM. Quiero cotizar este diseño del catálogo: 316 Psicologa. Tipo: Mugs y tazas. Ocasión: Profesiones."
317-psicologo-1015,317 Psicologo,Mugs y tazas,Profesiones,Tazas profesiones,Diseño,/assets/store/317-psicologo-1015.jpg,"Hola, Creaciones DM. Quiero cotizar este diseño del catálogo: 317 Psicologo. Tipo: Mugs y tazas. Ocasión: Profesiones."
318-1016,318,Mugs y tazas,Profesiones,Tazas profesiones,Diseño,/assets/store/318-1016.jpg,"Hola, Creaciones DM. Quiero cotizar este diseño del catálogo: 318. Tipo: Mugs y tazas. Ocasión: Profesiones."
319-secretaria-1017,319 Secretaria,Mugs y tazas,Profesiones,Tazas profesiones,Diseño,/assets/store/319-secretaria-1017.jpg,"Hola, Creaciones DM. Quiero cotizar este diseño del catálogo: 319 Secretaria. Tipo: Mugs y tazas. Ocasión: Profesiones."
320-soldador-1018,320 Soldador,Mugs y tazas,Profesiones,Tazas profesiones,Diseño,/assets/store/320-soldador-1018.jpg,"Hola, Creaciones DM. Quiero cotizar este diseño del catálogo: 320 Soldador. Tipo: Mugs y tazas. Ocasión: Profesiones."
321-taxista-1019,321 Taxista,Mugs y tazas,Profesiones,Tazas profesiones,Diseño,/assets/store/321-taxista-1019.jpg,"Hola, Creaciones DM. Quiero cotizar este diseño del catálogo: 321 Taxista. Tipo: Mugs y tazas. Ocasión: Profesiones."
322-tecnico-en-celulares-1020,322 Técnico en Celulares,Mugs y tazas,Profesiones,Tazas profesiones,Diseño,/assets/store/322-tecnico-en-celulares-1020.jpg,"Hola, Creaciones DM. Quiero cotizar este diseño del catálogo: 322 Técnico en Celulares. Tipo: Mugs y tazas. Ocasión: Profesiones."
323-tecnologo-en-logistica-1021,323 Tecnólogo en Logística,Mugs y tazas,Profesiones,Tazas profesiones,Diseño,/assets/store/323-tecnologo-en-logistica-1021.jpg,"Hola, Creaciones DM. Quiero cotizar este diseño del catálogo: 323 Tecnólogo en Logística. Tipo: Mugs y tazas. Ocasión: Profesiones."
324-topografo-1022,324 Topógrafo,Mugs y tazas,Profesiones,Tazas profesiones,Diseño,/assets/store/324-topografo-1022.jpg,"Hola, Creaciones DM. Quiero cotizar este diseño del catálogo: 324 Topógrafo. Tipo: Mugs y tazas. Ocasión: Profesiones."
325-toxicologo-1023,325 Toxicólogo,Mugs y tazas,Profesiones,Tazas profesiones,Diseño,/assets/store/325-toxicologo-1023.jpg,"Hola, Creaciones DM. Quiero cotizar este diseño del catálogo: 325 Toxicólogo. Tipo: Mugs y tazas. Ocasión: Profesiones."
326-trabajadora-social-1024,326 Trabajadora Social,Mugs y tazas,Profesiones,Tazas profesiones,Diseño,/assets/store/326-trabajadora-social-1024.jpg,"Hola, Creaciones DM. Quiero cotizar este diseño del catálogo: 326 Trabajadora Social. Tipo: Mugs y tazas. Ocasión: Profesiones."
327-trompetista-1025,327 Trompetista,Mugs y tazas,Profesiones,Tazas profesiones,Diseño,/assets/store/327-trompetista-1025.jpg,"Hola, Creaciones DM. Quiero cotizar este diseño del catálogo: 327 Trompetista. Tipo: Mugs y tazas. Ocasión: Profesiones."
328-volquetero-1026,328 Volquetero,Mugs y tazas,Profesiones,Tazas profesiones,Diseño,/assets/store/328-volquetero-1026.jpg,"Hola, Creaciones DM. Quiero cotizar este diseño del catálogo: 328 Volquetero. Tipo: Mugs y tazas. Ocasión: Profesiones."
329-disenador-grafico-1027,329 Diseñador Grafico,Mugs y tazas,Profesiones,Tazas profesiones,Diseño,/assets/store/329-disenador-grafico-1027.jpg,"Hola, Creaciones DM. Quiero cotizar este diseño del catálogo: 329 Diseñador Grafico. Tipo: Mugs y tazas. Ocasión: Profesiones."
330-disenador-grafico-1028,330 Diseñador Grafico,Mugs y tazas,Profesiones,Tazas profesiones,Diseño,/assets/store/330-disenador-grafico-1028.jpg,"Hola, Creaciones DM. Quiero cotizar este diseño del catálogo: 330 Diseñador Grafico. Tipo: Mugs y tazas. Ocasión: Profesiones."
331-prevencion-1029,331 Prevencion,Mugs y tazas,Profesiones,Tazas profesiones,Diseño,/assets/store/331-prevencion-1029.jpg,"Hola, Creaciones DM. Quiero cotizar este diseño del catálogo: 331 Prevencion. Tipo: Mugs y tazas. Ocasión: Profesiones."
332-prevencion-1030,332 Prevencion,Mugs y tazas,Profesiones,Tazas profesiones,Diseño,/assets/store/332-prevencion-1030.jpg,"Hola, Creaciones DM. Quiero cotizar este diseño del catálogo: 332 Prevencion. Tipo: Mugs y tazas. Ocasión: Profesiones."
333-actriz-1031,333 Actriz,Mugs y tazas,Profesiones,Tazas profesiones,Diseño,/assets/store/333-actriz-1031.jpg,"Hola, Creaciones DM. Quiero cotizar este diseño del catálogo: 333 Actriz. Tipo: Mugs y tazas. Ocasión: Profesiones."
334-administrador-financiero-1032,334 Administrador Financiero,Mugs y tazas,Profesiones,Tazas profesiones,Diseño,/assets/store/334-administrador-financiero-1032.jpg,"Hola, Creaciones DM. Quiero cotizar este diseño del catálogo: 334 Administrador Financiero. Tipo: Mugs y tazas. Ocasión: Profesiones."
335-ajedrecista-1033,335 Ajedrecista,Mugs y tazas,Profesiones,Tazas profesiones,Diseño,/assets/store/335-ajedrecista-1033.jpg,"Hola, Creaciones DM. Quiero cotizar este diseño del catálogo: 335 Ajedrecista. Tipo: Mugs y tazas. Ocasión: Profesiones."
336-barbero-1034,336 Barbero,Mugs y tazas,Profesiones,Tazas profesiones,Diseño,/assets/store/336-barbero-1034.jpg,"Hola, Creaciones DM. Quiero cotizar este diseño del catálogo: 336 Barbero. Tipo: Mugs y tazas. Ocasión: Profesiones."
337-basketbolista-1035,337 Basketbolista,Mugs y tazas,Profesiones,Tazas profesiones,Diseño,/assets/store/337-basketbolista-1035.jpg,"Hola, Creaciones DM. Quiero cotizar este diseño del catálogo: 337 Basketbolista. Tipo: Mugs y tazas. Ocasión: Profesiones."
338-baterista-1036,338 Baterista,Mugs y tazas,Profesiones,Tazas profesiones,Diseño,/assets/store/338-baterista-1036.jpg,"Hola, Creaciones DM. Quiero cotizar este diseño del catálogo: 338 Baterista. Tipo: Mugs y tazas. Ocasión: Profesiones."
339-carpintero-1037,339 Carpintero,Mugs y tazas,Profesiones,Tazas profesiones,Diseño,/assets/store/339-carpintero-1037.jpg,"Hola, Creaciones DM. Quiero cotizar este diseño del catálogo: 339 Carpintero. Tipo: Mugs y tazas. Ocasión: Profesiones."
340-ciclista-1038,340 Ciclista,Mugs y tazas,Profesiones,Tazas profesiones,Diseño,/assets/store/340-ciclista-1038.jpg,"Hola, Creaciones DM. Quiero cotizar este diseño del catálogo: 340 Ciclista. Tipo: Mugs y tazas. Ocasión: Profesiones."
341-comunicador-social-1039,341 Comunicador Social,Mugs y tazas,Profesiones,Tazas profesiones,Diseño,/assets/store/341-comunicador-social-1039.jpg,"Hola, Creaciones DM. Quiero cotizar este diseño del catálogo: 341 Comunicador Social. Tipo: Mugs y tazas. Ocasión: Profesiones."
342-conductor-1040,342 Conductor,Mugs y tazas,Profesiones,Tazas profesiones,Diseño,/assets/store/342-conductor-1040.jpg,"Hola, Creaciones DM. Quiero cotizar este diseño del catálogo: 342 Conductor. Tipo: Mugs y tazas. Ocasión: Profesiones."
343-director-de-marketing-1041,343 Director de Marketing,Mugs y tazas,Profesiones,Tazas profesiones,Diseño,/assets/store/343-director-de-marketing-1041.jpg,"Hola, Creaciones DM. Quiero cotizar este diseño del catálogo: 343 Director de Marketing. Tipo: Mugs y tazas. Ocasión: Profesiones."
344-disenador-industrial-1042,344 Diseñador Industrial,Mugs y tazas,Profesiones,Tazas profesiones,Diseño,/assets/store/344-disenador-industrial-1042.jpg,"Hola, Creaciones DM. Quiero cotizar este diseño del catálogo: 344 Diseñador Industrial. Tipo: Mugs y tazas. Ocasión: Profesiones."
345-dj-1043,345 DJ,Mugs y tazas,Profesiones,Tazas profesiones,Diseño,/assets/store/345-dj-1043.jpg,"Hola, Creaciones DM. Quiero cotizar este diseño del catálogo: 345 DJ. Tipo: Mugs y tazas. Ocasión: Profesiones."
346-esteticista-1044,346 Esteticista,Mugs y tazas,Profesiones,Tazas profesiones,Diseño,/assets/store/346-esteticista-1044.jpg,"Hola, Creaciones DM. Quiero cotizar este diseño del catálogo: 346 Esteticista. Tipo: Mugs y tazas. Ocasión: Profesiones."
347-fotografo-1045,347 Fotógrafo,Mugs y tazas,Profesiones,Tazas profesiones,Diseño,/assets/store/347-fotografo-1045.jpg,"Hola, Creaciones DM. Quiero cotizar este diseño del catálogo: 347 Fotógrafo. Tipo: Mugs y tazas. Ocasión: Profesiones."
348-guarda-de-seguridad-1046,348 Guarda de Seguridad,Mugs y tazas,Profesiones,Tazas profesiones,Diseño,/assets/store/348-guarda-de-seguridad-1046.jpg,"Hola, Creaciones DM. Quiero cotizar este diseño del catálogo: 348 Guarda de Seguridad. Tipo: Mugs y tazas. Ocasión: Profesiones."
349-ingeniera-agronoma-1047,349 Ingeniera Agrónoma,Mugs y tazas,Profesiones,Tazas profesiones,Diseño,/assets/store/349-ingeniera-agronoma-1047.jpg,"Hola, Creaciones DM. Quiero cotizar este diseño del catálogo: 349 Ingeniera Agrónoma. Tipo: Mugs y tazas. Ocasión: Profesiones."
350-ingeniero-en-sistemas-1048,350 Ingeniero en Sistemas,Mugs y tazas,Profesiones,Tazas profesiones,Diseño,/assets/store/350-ingeniero-en-sistemas-1048.jpg,"Hola, Creaciones DM. Quiero cotizar este diseño del catálogo: 350 Ingeniero en Sistemas. Tipo: Mugs y tazas. Ocasión: Profesiones."
351-instructor-de-gym-1049,351 Instructor de GYM,Mugs y tazas,Profesiones,Tazas profesiones,Diseño,/assets/store/351-instructor-de-gym-1049.jpg,"Hola, Creaciones DM. Quiero cotizar este diseño del catálogo: 351 Instructor de GYM. Tipo: Mugs y tazas. Ocasión: Profesiones."
352-musico-1050,352 Músico,Mugs y tazas,Profesiones,Tazas profesiones,Diseño,/assets/store/352-musico-1050.jpg,"Hola, Creaciones DM. Quiero cotizar este diseño del catálogo: 352 Músico. Tipo: Mugs y tazas. Ocasión: Profesiones."
353-negociante-internacional-1051,353 Negociante Internacional,Mugs y tazas,Profesiones,Tazas profesiones,Diseño,/assets/store/353-negociante-internacional-1051.jpg,"Hola, Creaciones DM. Quiero cotizar este diseño del catálogo: 353 Negociante Internacional. Tipo: Mugs y tazas. Ocasión: Profesiones."
354-operador-de-maquinarias-pesada-1052,354 Operador de Maquinarias Pesada,Mugs y tazas,Profesiones,Tazas profesiones,Diseño,/assets/store/354-operador-de-maquinarias-pesada-1052.jpg,"Hola, Creaciones DM. Quiero cotizar este diseño del catálogo: 354 Operador de Maquinarias Pesada. Tipo: Mugs y tazas. Ocasión: Profesiones."
355-pescador-1053,355 Pescador,Mugs y tazas,Profesiones,Tazas profesiones,Diseño,/assets/store/355-pescador-1053.jpg,"Hola, Creaciones DM. Quiero cotizar este diseño del catálogo: 355 Pescador. Tipo: Mugs y tazas. Ocasión: Profesiones."
356-profesor-de-educacion-fisica-1054,356 Profesor de Educación Física,Mugs y tazas,Profesiones,Tazas profesiones,Diseño,/assets/store/356-profesor-de-educacion-fisica-1054.jpg,"Hola, Creaciones DM. Quiero cotizar este diseño del catálogo: 356 Profesor de Educación Física. Tipo: Mugs y tazas. Ocasión: Profesiones."
357-sst-1055,357 SST,Mugs y tazas,Profesiones,Tazas profesiones,Diseño,/assets/store/357-sst-1055.jpg,"Hola, Creaciones DM. Quiero cotizar este diseño del catálogo: 357 SST. Tipo: Mugs y tazas. Ocasión: Profesiones."
358-tatuador-1056,358 Tatuador,Mugs y tazas,Profesiones,Tazas profesiones,Diseño,/assets/store/358-tatuador-1056.jpg,"Hola, Creaciones DM. Quiero cotizar este diseño del catálogo: 358 Tatuador. Tipo: Mugs y tazas. Ocasión: Profesiones."
359-youtuber-1057,359 Youtuber,Mugs y tazas,Profesiones,Tazas profesiones,Diseño,/assets/store/359-youtuber-1057.jpg,"Hola, Creaciones DM. Quiero cotizar este diseño del catálogo: 359 Youtuber. Tipo: Mugs y tazas. Ocasión: Profesiones."
360-trabajador-social-1058,360 Trabajador Social,Mugs y tazas,Profesiones,Tazas profesiones,Diseño,/assets/store/360-trabajador-social-1058.jpg,"Hola, Creaciones DM. Quiero cotizar este diseño del catálogo: 360 Trabajador Social. Tipo: Mugs y tazas. Ocasión: Profesiones."
361-prevencion-1059,361 Prevencion,Mugs y tazas,Profesiones,Tazas profesiones,Diseño,/assets/store/361-prevencion-1059.jpg,"Hola, Creaciones DM. Quiero cotizar este diseño del catálogo: 361 Prevencion. Tipo: Mugs y tazas. Ocasión: Profesiones."
362-ingeniero-ambiental-1060,362 Ingeniero Ambiental,Mugs y tazas,Profesiones,Tazas profesiones,Diseño,/assets/store/362-ingeniero-ambiental-1060.jpg,"Hola, Creaciones DM. Quiero cotizar este diseño del catálogo: 362 Ingeniero Ambiental. Tipo: Mugs y tazas. Ocasión: Profesiones."
363-ingeniero-de-minas-1061,363 Ingeniero de Minas,Mugs y tazas,Profesiones,Tazas profesiones,Diseño,/assets/store/363-ingeniero-de-minas-1061.jpg,"Hola, Creaciones DM. Quiero cotizar este diseño del catálogo: 363 Ingeniero de Minas. Tipo: Mugs y tazas. Ocasión: Profesiones."
364-ingeniero-electrisista-1062,364 Ingeniero Electrisista,Mugs y tazas,Profesiones,Tazas profesiones,Diseño,/assets/store/364-ingeniero-electrisista-1062.jpg,"Hola, Creaciones DM. Quiero cotizar este diseño del catálogo: 364 Ingeniero Electrisista. Tipo: Mugs y tazas. Ocasión: Profesiones."
365-esposo-1063,365 Esposo,Mugs y tazas,Profesiones,Tazas profesiones,Diseño,/assets/store/365-esposo-1063.jpg,"Hola, Creaciones DM. Quiero cotizar este diseño del catálogo: 365 Esposo. Tipo: Mugs y tazas. Ocasión: Profesiones."
366-amiga-1064,366 Amiga,Mugs y tazas,Profesiones,Tazas profesiones,Diseño,/assets/store/366-amiga-1064.jpg,"Hola, Creaciones DM. Quiero cotizar este diseño del catálogo: 366 Amiga. Tipo: Mugs y tazas. Ocasión: Profesiones."
367-esposo-1065,367 Esposo,Mugs y tazas,Profesiones,Tazas profesiones,Diseño,/assets/store/367-esposo-1065.jpg,"Hola, Creaciones DM. Quiero cotizar este diseño del catálogo: 367 Esposo. Tipo: Mugs y tazas. Ocasión: Profesiones."
368-padrino-1066,368 Padrino,Mugs y tazas,Profesiones,Tazas profesiones,Diseño,/assets/store/368-padrino-1066.jpg,"Hola, Creaciones DM. Quiero cotizar este diseño del catálogo: 368 Padrino. Tipo: Mugs y tazas. Ocasión: Profesiones."
369-hermano-1067,369 Hermano,Mugs y tazas,Profesiones,Tazas profesiones,Diseño,/assets/store/369-hermano-1067.jpg,"Hola, Creaciones DM. Quiero cotizar este diseño del catálogo: 369 Hermano. Tipo: Mugs y tazas. Ocasión: Profesiones."
370-abogada-1068,370 Abogada,Mugs y tazas,Profesiones,Tazas profesiones,Diseño,/assets/store/370-abogada-1068.jpg,"Hola, Creaciones DM. Quiero cotizar este diseño del catálogo: 370 Abogada. Tipo: Mugs y tazas. Ocasión: Profesiones."
371-abue-1069,371 Abue,Mugs y tazas,Profesiones,Tazas profesiones,Diseño,/assets/store/371-abue-1069.jpg,"Hola, Creaciones DM. Quiero cotizar este diseño del catálogo: 371 Abue. Tipo: Mugs y tazas. Ocasión: Profesiones."
372-administradora-1070,372 Administradora,Mugs y tazas,Profesiones,Tazas profesiones,Diseño,/assets/store/372-administradora-1070.jpg,"Hola, Creaciones DM. Quiero cotizar este diseño del catálogo: 372 Administradora. Tipo: Mugs y tazas. Ocasión: Profesiones."
373-arquitecta-1071,373 Arquitecta,Mugs y tazas,Profesiones,Tazas profesiones,Diseño,/assets/store/373-arquitecta-1071.jpg,"Hola, Creaciones DM. Quiero cotizar este diseño del catálogo: 373 Arquitecta. Tipo: Mugs y tazas. Ocasión: Profesiones."
374-aventurera-1072,374 Aventurera,Mugs y tazas,Profesiones,Tazas profesiones,Diseño,/assets/store/374-aventurera-1072.jpg,"Hola, Creaciones DM. Quiero cotizar este diseño del catálogo: 374 Aventurera. Tipo: Mugs y tazas. Ocasión: Profesiones."
375-azafata-1073,375 Azafata,Mugs y tazas,Profesiones,Tazas profesiones,Diseño,/assets/store/375-azafata-1073.jpg,"Hola, Creaciones DM. Quiero cotizar este diseño del catálogo: 375 Azafata. Tipo: Mugs y tazas. Ocasión: Profesiones."
376-bailarina-1074,376 Bailarina,Mugs y tazas,Profesiones,Tazas profesiones,Diseño,/assets/store/376-bailarina-1074.jpg,"Hola, Creaciones DM. Quiero cotizar este diseño del catálogo: 376 Bailarina. Tipo: Mugs y tazas. Ocasión: Profesiones."
377-bibliotecaria-1075,377 Bibliotecaria,Mugs y tazas,Profesiones,Tazas profesiones,Diseño,/assets/store/377-bibliotecaria-1075.jpg,"Hola, Creaciones DM. Quiero cotizar este diseño del catálogo: 377 Bibliotecaria. Tipo: Mugs y tazas. Ocasión: Profesiones."
378-constructor-1076,378 Constructor,Mugs y tazas,Profesiones,Tazas profesiones,Diseño,/assets/store/378-constructor-1076.jpg,"Hola, Creaciones DM. Quiero cotizar este diseño del catálogo: 378 Constructor. Tipo: Mugs y tazas. Ocasión: Profesiones."
379-contadora-1077,379 Contadora,Mugs y tazas,Profesiones,Tazas profesiones,Diseño,/assets/store/379-contadora-1077.jpg,"Hola, Creaciones DM. Quiero cotizar este diseño del catálogo: 379 Contadora. Tipo: Mugs y tazas. Ocasión: Profesiones."
380-costurera-1078,380 Costurera,Mugs y tazas,Profesiones,Tazas profesiones,Diseño,/assets/store/380-costurera-1078.jpg,"Hola, Creaciones DM. Quiero cotizar este diseño del catálogo: 380 Costurera. Tipo: Mugs y tazas. Ocasión: Profesiones."
381-criminologa-1079,381 Criminologa,Mugs y tazas,Profesiones,Tazas profesiones,Diseño,/assets/store/381-criminologa-1079.jpg,"Hola, Creaciones DM. Quiero cotizar este diseño del catálogo: 381 Criminologa. Tipo: Mugs y tazas. Ocasión: Profesiones."
382-economista-1080,382 Economista,Mugs y tazas,Profesiones,Tazas profesiones,Diseño,/assets/store/382-economista-1080.jpg,"Hola, Creaciones DM. Quiero cotizar este diseño del catálogo: 382 Economista. Tipo: Mugs y tazas. Ocasión: Profesiones."
383-estilista-1081,383 Estilista,Mugs y tazas,Profesiones,Tazas profesiones,Diseño,/assets/store/383-estilista-1081.jpg,"Hola, Creaciones DM. Quiero cotizar este diseño del catálogo: 383 Estilista. Tipo: Mugs y tazas. Ocasión: Profesiones."
384-estudiante-2-1082,384 Estudiante 2,Mugs y tazas,Profesiones,Tazas profesiones,Diseño,/assets/store/384-estudiante-2-1082.jpg,"Hola, Creaciones DM. Quiero cotizar este diseño del catálogo: 384 Estudiante 2. Tipo: Mugs y tazas. Ocasión: Profesiones."
385-estudiante-1083,385 Estudiante,Mugs y tazas,Profesiones,Tazas profesiones,Diseño,/assets/store/385-estudiante-1083.jpg,"Hola, Creaciones DM. Quiero cotizar este diseño del catálogo: 385 Estudiante. Tipo: Mugs y tazas. Ocasión: Profesiones."
386-fotografa-1084,386 Fotografa,Mugs y tazas,Profesiones,Tazas profesiones,Diseño,/assets/store/386-fotografa-1084.jpg,"Hola, Creaciones DM. Quiero cotizar este diseño del catálogo: 386 Fotografa. Tipo: Mugs y tazas. Ocasión: Profesiones."
387-freelance-1085,387 Freelance,Mugs y tazas,Profesiones,Tazas profesiones,Diseño,/assets/store/387-freelance-1085.jpg,"Hola, Creaciones DM. Quiero cotizar este diseño del catálogo: 387 Freelance. Tipo: Mugs y tazas. Ocasión: Profesiones."
388-hipster-1086,388 Hipster,Mugs y tazas,Profesiones,Tazas profesiones,Diseño,/assets/store/388-hipster-1086.jpg,"Hola, Creaciones DM. Quiero cotizar este diseño del catálogo: 388 Hipster. Tipo: Mugs y tazas. Ocasión: Profesiones."
389-licenciada-turismo-1087,389 Licenciada Turismo,Mugs y tazas,Profesiones,Tazas profesiones,Diseño,/assets/store/389-licenciada-turismo-1087.jpg,"Hola, Creaciones DM. Quiero cotizar este diseño del catálogo: 389 Licenciada Turismo. Tipo: Mugs y tazas. Ocasión: Profesiones."
390-matrimonio-1088,390 Matrimonio,Mugs y tazas,Profesiones,Tazas profesiones,Diseño,/assets/store/390-matrimonio-1088.jpg,"Hola, Creaciones DM. Quiero cotizar este diseño del catálogo: 390 Matrimonio. Tipo: Mugs y tazas. Ocasión: Profesiones."
391-pirata-1089,391 Pirata,Mugs y tazas,Profesiones,Tazas profesiones,Diseño,/assets/store/391-pirata-1089.jpg,"Hola, Creaciones DM. Quiero cotizar este diseño del catálogo: 391 Pirata. Tipo: Mugs y tazas. Ocasión: Profesiones."
392-policia-1090,392 Policia,Mugs y tazas,Profesiones,Tazas profesiones,Diseño,/assets/store/392-policia-1090.jpg,"Hola, Creaciones DM. Quiero cotizar este diseño del catálogo: 392 Policia. Tipo: Mugs y tazas. Ocasión: Profesiones."
393-portero-1091,393 Portero,Mugs y tazas,Profesiones,Tazas profesiones,Diseño,/assets/store/393-portero-1091.jpg,"Hola, Creaciones DM. Quiero cotizar este diseño del catálogo: 393 Portero. Tipo: Mugs y tazas. Ocasión: Profesiones."
394-profesora-1092,394 Profesora,Mugs y tazas,Profesiones,Tazas profesiones,Diseño,/assets/store/394-profesora-1092.jpg,"Hola, Creaciones DM. Quiero cotizar este diseño del catálogo: 394 Profesora. Tipo: Mugs y tazas. Ocasión: Profesiones."
395-ratero-1093,395 Ratero,Mugs y tazas,Profesiones,Tazas profesiones,Diseño,/assets/store/395-ratero-1093.jpg,"Hola, Creaciones DM. Quiero cotizar este diseño del catálogo: 395 Ratero. Tipo: Mugs y tazas. Ocasión: Profesiones."
396-repartidor-1094,396 Repartidor,Mugs y tazas,Profesiones,Tazas profesiones,Diseño,/assets/store/396-repartidor-1094.jpg,"Hola, Creaciones DM. Quiero cotizar este diseño del catálogo: 396 Repartidor. Tipo: Mugs y tazas. Ocasión: Profesiones."
397-runner-1095,397 Runner,Mugs y tazas,Profesiones,Tazas profesiones,Diseño,/assets/store/397-runner-1095.jpg,"Hola, Creaciones DM. Quiero cotizar este diseño del catálogo: 397 Runner. Tipo: Mugs y tazas. Ocasión: Profesiones."
398-secretaria-1096,398 Secretaria,Mugs y tazas,Profesiones,Tazas profesiones,Diseño,/assets/store/398-secretaria-1096.jpg,"Hola, Creaciones DM. Quiero cotizar este diseño del catálogo: 398 Secretaria. Tipo: Mugs y tazas. Ocasión: Profesiones."
399-turista-1097,399 Turista,Mugs y tazas,Profesiones,Tazas profesiones,Diseño,/assets/store/399-turista-1097.jpg,"Hola, Creaciones DM. Quiero cotizar este diseño del catálogo: 399 Turista. Tipo: Mugs y tazas. Ocasión: Profesiones."
400-vendedora-1098,400 Vendedora,Mugs y tazas,Profesiones,Tazas profesiones,Diseño,/assets/store/400-vendedora-1098.jpg,"Hola, Creaciones DM. Quiero cotizar este diseño del catálogo: 400 Vendedora. Tipo: Mugs y tazas. Ocasión: Profesiones."
401-adontologa-1099,401 Adontologa,Mugs y tazas,Profesiones,Tazas profesiones,Diseño,/assets/store/401-adontologa-1099.jpg,"Hola, Creaciones DM. Quiero cotizar este diseño del catálogo: 401 Adontologa. Tipo: Mugs y tazas. Ocasión: Profesiones."
402-ajedrez-1100,402 Ajedrez,Mugs y tazas,Profesiones,Tazas profesiones,Diseño,/assets/store/402-ajedrez-1100.jpg,"Hola, Creaciones DM. Quiero cotizar este diseño del catálogo: 402 Ajedrez. Tipo: Mugs y tazas. Ocasión: Profesiones."
403-azafata-1101,403 Azafata,Mugs y tazas,Profesiones,Tazas profesiones,Diseño,/assets/store/403-azafata-1101.jpg,"Hola, Creaciones DM. Quiero cotizar este diseño del catálogo: 403 Azafata. Tipo: Mugs y tazas. Ocasión: Profesiones."
404-bombera-1102,404 Bombera,Mugs y tazas,Profesiones,Tazas profesiones,Diseño,/assets/store/404-bombera-1102.jpg,"Hola, Creaciones DM. Quiero cotizar este diseño del catálogo: 404 Bombera. Tipo: Mugs y tazas. Ocasión: Profesiones."
405-bombero-1103,405 Bombero,Mugs y tazas,Profesiones,Tazas profesiones,Diseño,/assets/store/405-bombero-1103.jpg,"Hola, Creaciones DM. Quiero cotizar este diseño del catálogo: 405 Bombero. Tipo: Mugs y tazas. Ocasión: Profesiones."
406-carabinera-1104,406 Carabinera,Mugs y tazas,Profesiones,Tazas profesiones,Diseño,/assets/store/406-carabinera-1104.jpg,"Hola, Creaciones DM. Quiero cotizar este diseño del catálogo: 406 Carabinera. Tipo: Mugs y tazas. Ocasión: Profesiones."
407-carabinero-1105,407 Carabinero,Mugs y tazas,Profesiones,Tazas profesiones,Diseño,/assets/store/407-carabinero-1105.jpg,"Hola, Creaciones DM. Quiero cotizar este diseño del catálogo: 407 Carabinero. Tipo: Mugs y tazas. Ocasión: Profesiones."
408-conductor-1106,408 Conductor,Mugs y tazas,Profesiones,Tazas profesiones,Diseño,/assets/store/408-conductor-1106.jpg,"Hola, Creaciones DM. Quiero cotizar este diseño del catálogo: 408 Conductor. Tipo: Mugs y tazas. Ocasión: Profesiones."
409-educadora-1107,409 Educadora,Mugs y tazas,Profesiones,Tazas profesiones,Diseño,/assets/store/409-educadora-1107.jpg,"Hola, Creaciones DM. Quiero cotizar este diseño del catálogo: 409 Educadora. Tipo: Mugs y tazas. Ocasión: Profesiones."
410-emprendedor-1108,410 Emprendedor,Mugs y tazas,Profesiones,Tazas profesiones,Diseño,/assets/store/410-emprendedor-1108.jpg,"Hola, Creaciones DM. Quiero cotizar este diseño del catálogo: 410 Emprendedor. Tipo: Mugs y tazas. Ocasión: Profesiones."
411-emprendedora-1109,411 Emprendedora,Mugs y tazas,Profesiones,Tazas profesiones,Diseño,/assets/store/411-emprendedora-1109.jpg,"Hola, Creaciones DM. Quiero cotizar este diseño del catálogo: 411 Emprendedora. Tipo: Mugs y tazas. Ocasión: Profesiones."
412-enfermera-1110,412 Enfermera,Mugs y tazas,Profesiones,Tazas profesiones,Diseño,/assets/store/412-enfermera-1110.jpg,"Hola, Creaciones DM. Quiero cotizar este diseño del catálogo: 412 Enfermera. Tipo: Mugs y tazas. Ocasión: Profesiones."
413-enfermero-1111,413 Enfermero,Mugs y tazas,Profesiones,Tazas profesiones,Diseño,/assets/store/413-enfermero-1111.jpg,"Hola, Creaciones DM. Quiero cotizar este diseño del catálogo: 413 Enfermero. Tipo: Mugs y tazas. Ocasión: Profesiones."
414-enfermero1-1112,414 Enfermero1,Mugs y tazas,Profesiones,Tazas profesiones,Diseño,/assets/store/414-enfermero1-1112.jpg,"Hola, Creaciones DM. Quiero cotizar este diseño del catálogo: 414 Enfermero1. Tipo: Mugs y tazas. Ocasión: Profesiones."
415-frida-1113,415 Frida,Mugs y tazas,Profesiones,Tazas profesiones,Diseño,/assets/store/415-frida-1113.jpg,"Hola, Creaciones DM. Quiero cotizar este diseño del catálogo: 415 Frida. Tipo: Mugs y tazas. Ocasión: Profesiones."
416-futbol-1-1114,416 Futbol 1,Mugs y tazas,Profesiones,Tazas profesiones,Diseño,/assets/store/416-futbol-1-1114.jpg,"Hola, Creaciones DM. Quiero cotizar este diseño del catálogo: 416 Futbol 1. Tipo: Mugs y tazas. Ocasión: Profesiones."
417-futbol-1115,417 Futbol,Mugs y tazas,Profesiones,Tazas profesiones,Diseño,/assets/store/417-futbol-1115.jpg,"Hola, Creaciones DM. Quiero cotizar este diseño del catálogo: 417 Futbol. Tipo: Mugs y tazas. Ocasión: Profesiones."
418-graduacion-1-1116,418 Graduacion 1,Mugs y tazas,Profesiones,Tazas profesiones,Diseño,/assets/store/418-graduacion-1-1116.jpg,"Hola, Creaciones DM. Quiero cotizar este diseño del catálogo: 418 Graduacion 1. Tipo: Mugs y tazas. Ocasión: Profesiones."
419-graduacion-1117,419 Graduacion,Mugs y tazas,Profesiones,Tazas profesiones,Diseño,/assets/store/419-graduacion-1117.jpg,"Hola, Creaciones DM. Quiero cotizar este diseño del catálogo: 419 Graduacion. Tipo: Mugs y tazas. Ocasión: Profesiones."
420-maestro-1118,420 Maestro,Mugs y tazas,Profesiones,Tazas profesiones,Diseño,/assets/store/420-maestro-1118.jpg,"Hola, Creaciones DM. Quiero cotizar este diseño del catálogo: 420 Maestro. Tipo: Mugs y tazas. Ocasión: Profesiones."
421-maestro-1-1119,421 Maestro 1,Mugs y tazas,Profesiones,Tazas profesiones,Diseño,/assets/store/421-maestro-1-1119.jpg,"Hola, Creaciones DM. Quiero cotizar este diseño del catálogo: 421 Maestro 1. Tipo: Mugs y tazas. Ocasión: Profesiones."
422-maestro-2-1120,422 Maestro 2,Mugs y tazas,Profesiones,Tazas profesiones,Diseño,/assets/store/422-maestro-2-1120.jpg,"Hola, Creaciones DM. Quiero cotizar este diseño del catálogo: 422 Maestro 2. Tipo: Mugs y tazas. Ocasión: Profesiones."
423-maestro-3-1121,423 Maestro 3,Mugs y tazas,Profesiones,Tazas profesiones,Diseño,/assets/store/423-maestro-3-1121.jpg,"Hola, Creaciones DM. Quiero cotizar este diseño del catálogo: 423 Maestro 3. Tipo: Mugs y tazas. Ocasión: Profesiones."
424-maestro-4-1122,424 Maestro 4,Mugs y tazas,Profesiones,Tazas profesiones,Diseño,/assets/store/424-maestro-4-1122.jpg,"Hola, Creaciones DM. Quiero cotizar este diseño del catálogo: 424 Maestro 4. Tipo: Mugs y tazas. Ocasión: Profesiones."
425-maestro-5-1123,425 Maestro 5,Mugs y tazas,Profesiones,Tazas profesiones,Diseño,/assets/store/425-maestro-5-1123.jpg,"Hola, Creaciones DM. Quiero cotizar este diseño del catálogo: 425 Maestro 5. Tipo: Mugs y tazas. Ocasión: Profesiones."
426-maestro-6-1124,426 Maestro 6,Mugs y tazas,Profesiones,Tazas profesiones,Diseño,/assets/store/426-maestro-6-1124.jpg,"Hola, Creaciones DM. Quiero cotizar este diseño del catálogo: 426 Maestro 6. Tipo: Mugs y tazas. Ocasión: Profesiones."
427-minero-1-1125,427 Minero 1,Mugs y tazas,Profesiones,Tazas profesiones,Diseño,/assets/store/427-minero-1-1125.jpg,"Hola, Creaciones DM. Quiero cotizar este diseño del catálogo: 427 Minero 1. Tipo: Mugs y tazas. Ocasión: Profesiones."
428-minero-1126,428 Minero,Mugs y tazas,Profesiones,Tazas profesiones,Diseño,/assets/store/428-minero-1126.jpg,"Hola, Creaciones DM. Quiero cotizar este diseño del catálogo: 428 Minero. Tipo: Mugs y tazas. Ocasión: Profesiones."
429-motera-1127,429 Motera,Mugs y tazas,Profesiones,Tazas profesiones,Diseño,/assets/store/429-motera-1127.jpg,"Hola, Creaciones DM. Quiero cotizar este diseño del catálogo: 429 Motera. Tipo: Mugs y tazas. Ocasión: Profesiones."
430-motero-1128,430 Motero,Mugs y tazas,Profesiones,Tazas profesiones,Diseño,/assets/store/430-motero-1128.jpg,"Hola, Creaciones DM. Quiero cotizar este diseño del catálogo: 430 Motero. Tipo: Mugs y tazas. Ocasión: Profesiones."
431-parvularia-1129,431 Parvularia,Mugs y tazas,Profesiones,Tazas profesiones,Diseño,/assets/store/431-parvularia-1129.jpg,"Hola, Creaciones DM. Quiero cotizar este diseño del catálogo: 431 Parvularia. Tipo: Mugs y tazas. Ocasión: Profesiones."
432-parvulo-1130,432 Parvulo,Mugs y tazas,Profesiones,Tazas profesiones,Diseño,/assets/store/432-parvulo-1130.jpg,"Hola, Creaciones DM. Quiero cotizar este diseño del catálogo: 432 Parvulo. Tipo: Mugs y tazas. Ocasión: Profesiones."
433-piloto-1131,433 Piloto,Mugs y tazas,Profesiones,Tazas profesiones,Diseño,/assets/store/433-piloto-1131.jpg,"Hola, Creaciones DM. Quiero cotizar este diseño del catálogo: 433 Piloto. Tipo: Mugs y tazas. Ocasión: Profesiones."
434-policia-investigacion-1-1132,434 Policia Investigacion 1,Mugs y tazas,Profesiones,Tazas profesiones,Diseño,/assets/store/434-policia-investigacion-1-1132.jpg,"Hola, Creaciones DM. Quiero cotizar este diseño del catálogo: 434 Policia Investigacion 1. Tipo: Mugs y tazas. Ocasión: Profesiones."
435-policia-investigacion-1133,435 Policia Investigacion,Mugs y tazas,Profesiones,Tazas profesiones,Diseño,/assets/store/435-policia-investigacion-1133.jpg,"Hola, Creaciones DM. Quiero cotizar este diseño del catálogo: 435 Policia Investigacion. Tipo: Mugs y tazas. Ocasión: Profesiones."
436-rockero-1-1134,436 Rockero 1,Mugs y tazas,Profesiones,Tazas profesiones,Diseño,/assets/store/436-rockero-1-1134.jpg,"Hola, Creaciones DM. Quiero cotizar este diseño del catálogo: 436 Rockero 1. Tipo: Mugs y tazas. Ocasión: Profesiones."
437-rockero-2-1135,437 Rockero 2,Mugs y tazas,Profesiones,Tazas profesiones,Diseño,/assets/store/437-rockero-2-1135.jpg,"Hola, Creaciones DM. Quiero cotizar este diseño del catálogo: 437 Rockero 2. Tipo: Mugs y tazas. Ocasión: Profesiones."
438-rockero-3-1136,438 Rockero 3,Mugs y tazas,Profesiones,Tazas profesiones,Diseño,/assets/store/438-rockero-3-1136.jpg,"Hola, Creaciones DM. Quiero cotizar este diseño del catálogo: 438 Rockero 3. Tipo: Mugs y tazas. Ocasión: Profesiones."
439-rockero-4-1137,439 Rockero 4,Mugs y tazas,Profesiones,Tazas profesiones,Diseño,/assets/store/439-rockero-4-1137.jpg,"Hola, Creaciones DM. Quiero cotizar este diseño del catálogo: 439 Rockero 4. Tipo: Mugs y tazas. Ocasión: Profesiones."
440-rockero-1138,440 Rockero,Mugs y tazas,Profesiones,Tazas profesiones,Diseño,/assets/store/440-rockero-1138.jpg,"Hola, Creaciones DM. Quiero cotizar este diseño del catálogo: 440 Rockero. Tipo: Mugs y tazas. Ocasión: Profesiones."
441-seguridad-laboral-1-1139,441 Seguridad Laboral 1,Mugs y tazas,Profesiones,Tazas profesiones,Diseño,/assets/store/441-seguridad-laboral-1-1139.jpg,"Hola, Creaciones DM. Quiero cotizar este diseño del catálogo: 441 Seguridad Laboral 1. Tipo: Mugs y tazas. Ocasión: Profesiones."
442-seguridad-laboral-1140,442 Seguridad Laboral,Mugs y tazas,Profesiones,Tazas profesiones,Diseño,/assets/store/442-seguridad-laboral-1140.jpg,"Hola, Creaciones DM. Quiero cotizar este diseño del catálogo: 442 Seguridad Laboral. Tipo: Mugs y tazas. Ocasión: Profesiones."
443-taxista-1141,443 Taxista,Mugs y tazas,Profesiones,Tazas profesiones,Diseño,/assets/store/443-taxista-1141.jpg,"Hola, Creaciones DM. Quiero cotizar este diseño del catálogo: 443 Taxista. Tipo: Mugs y tazas. Ocasión: Profesiones."
444-terapeuta-lenguaje-1-1142,444 Terapeuta Lenguaje 1,Mugs y tazas,Profesiones,Tazas profesiones,Diseño,/assets/store/444-terapeuta-lenguaje-1-1142.jpg,"Hola, Creaciones DM. Quiero cotizar este diseño del catálogo: 444 Terapeuta Lenguaje 1. Tipo: Mugs y tazas. Ocasión: Profesiones."
445terapeuta-lenguaje-1143,445Terapeuta Lenguaje,Mugs y tazas,Profesiones,Tazas profesiones,Diseño,/assets/store/445terapeuta-lenguaje-1143.jpg,"Hola, Creaciones DM. Quiero cotizar este diseño del catálogo: 445Terapeuta Lenguaje. Tipo: Mugs y tazas. Ocasión: Profesiones."
carabineros-1-1144,CARABINEROS 1,Mugs y tazas,Profesiones,Packs profesiones especiales,Diseño,/assets/store/carabineros-1-1144.jpg,"Hola, Creaciones DM. Quiero cotizar este diseño del catálogo: CARABINEROS 1. Tipo: Mugs y tazas. Ocasión: Profesiones."
carabineros-10-1145,CARABINEROS 10,Mugs y tazas,Profesiones,Packs profesiones especiales,Diseño,/assets/store/carabineros-10-1145.jpg,"Hola, Creaciones DM. Quiero cotizar este diseño del catálogo: CARABINEROS 10. Tipo: Mugs y tazas. Ocasión: Profesiones."
carabineros-2-1146,CARABINEROS 2,Mugs y tazas,Profesiones,Packs profesiones especiales,Diseño,/assets/store/carabineros-2-1146.jpg,"Hola, Creaciones DM. Quiero cotizar este diseño del catálogo: CARABINEROS 2. Tipo: Mugs y tazas. Ocasión: Profesiones."
carabineros-3-1147,CARABINEROS 3,Mugs y tazas,Profesiones,Packs profesiones especiales,Diseño,/assets/store/carabineros-3-1147.jpg,"Hola, Creaciones DM. Quiero cotizar este diseño del catálogo: CARABINEROS 3. Tipo: Mugs y tazas. Ocasión: Profesiones."
carabineros-4-1148,CARABINEROS 4,Mugs y tazas,Profesiones,Packs profesiones especiales,Diseño,/assets/store/carabineros-4-1148.jpg,"Hola, Creaciones DM. Quiero cotizar este diseño del catálogo: CARABINEROS 4. Tipo: Mugs y tazas. Ocasión: Profesiones."
carabineros-5-1149,CARABINEROS 5,Mugs y tazas,Profesiones,Packs profesiones especiales,Diseño,/assets/store/carabineros-5-1149.jpg,"Hola, Creaciones DM. Quiero cotizar este diseño del catálogo: CARABINEROS 5. Tipo: Mugs y tazas. Ocasión: Profesiones."
carabineros-6-1150,CARABINEROS 6,Mugs y tazas,Profesiones,Packs profesiones especiales,Diseño,/assets/store/carabineros-6-1150.jpg,"Hola, Creaciones DM. Quiero cotizar este diseño del catálogo: CARABINEROS 6. Tipo: Mugs y tazas. Ocasión: Profesiones."
carabineros-7-1151,CARABINEROS 7,Mugs y tazas,Profesiones,Packs profesiones especiales,Diseño,/assets/store/carabineros-7-1151.jpg,"Hola, Creaciones DM. Quiero cotizar este diseño del catálogo: CARABINEROS 7. Tipo: Mugs y tazas. Ocasión: Profesiones."
carabineros-8-1152,CARABINEROS 8,Mugs y tazas,Profesiones,Packs profesiones especiales,Diseño,/assets/store/carabineros-8-1152.jpg,"Hola, Creaciones DM. Quiero cotizar este diseño del catálogo: CARABINEROS 8. Tipo: Mugs y tazas. Ocasión: Profesiones."
carabineros-9-1153,CARABINEROS 9,Mugs y tazas,Profesiones,Packs profesiones especiales,Diseño,/assets/store/carabineros-9-1153.jpg,"Hola, Creaciones DM. Quiero cotizar este diseño del catálogo: CARABINEROS 9. Tipo: Mugs y tazas. Ocasión: Profesiones."
